Customer_Speaking,Till_Response
"I need Fries, 6 Nuggets, 3 Chilli Bites","Sure! You've ordered Fries, 6 Nuggets, 3 Chilli Bites."
"I need Bacon Stacker, medium Mayo","Sure! You've ordered Bacon Stacker, Mayo."
I need Large Fries,Sure! You've ordered Large Fries.
"Please give me small Hot Chilli, 9 Chilli Bites","Sure! You've ordered Hot Chilli, 9 Chilli Bites."
"I'll have Diet Cocacola, Steakhouse Angus, medium 9 Chilli Bites","Sure! You've ordered Diet Cocacola, Steakhouse Angus, 9 Chilli Bites."
I need 20 Nuggets,Sure! You've ordered 20 Nuggets.
"Can I get 6 Chilli Bites, large Cocacola Zero, Fries","Sure! You've ordered 6 Chilli Bites, Cocacola Zero, Fries."
"I want medium Steakhouse Angus, medium 9 Doritos, 4 Nuggets","Sure! You've ordered Steakhouse Angus, 9 Doritos, 4 Nuggets."
I'll have medium Steakhouse Chicken,Sure! You've ordered Steakhouse Chicken.
"I'll have Bacon Stacker, 6 Chilli Bites","Sure! You've ordered Bacon Stacker, 6 Chilli Bites."
Can I get large Water,Sure! You've ordered Water.
"Please give me Bacon Stacker, large 20 Chilli Bites","Sure! You've ordered Bacon Stacker, 20 Chilli Bites."
I want 9 Doritos,Sure! You've ordered 9 Doritos.
"Could I have Vegan Royale, Barbeque Sauce","Sure! You've ordered Vegan Royale, Barbeque Sauce."
I'll have Ham Burger,Sure! You've ordered Ham Burger.
"I need Chimichuri Loaded Fries, 6 Nuggets","Sure! You've ordered Chimichuri Loaded Fries, 6 Nuggets."
Could I have medium Bacon Double X L,Sure! You've ordered Bacon Double X L.
"Can you get me large Small Fries, 6 Nuggets","Sure! You've ordered Small Fries, 6 Nuggets."
"I want Bacon Double X L, 6 Nuggets","Sure! You've ordered Bacon Double X L, 6 Nuggets."
"I'd like to order Mayo, Steakhouse Chicken","Sure! You've ordered Mayo, Steakhouse Chicken."
"Could I have Chimichuri Loaded Fries, Cocacola Classic, small Vegan Royale","Sure! You've ordered Chimichuri Loaded Fries, Cocacola Classic, Vegan Royale."
"Can you get me 4 Chilli Bites, Ham Burger, Fries","Sure! You've ordered 4 Chilli Bites, Ham Burger, Fries."
"Can you get me Chimichuri Angus, 6 Chilli Bites, Small Fries","Sure! You've ordered Chimichuri Angus, 6 Chilli Bites, Small Fries."
"Can I get Cheese Burger, Tea, Ham Burger","Sure! You've ordered Cheese Burger, Tea, Ham Burger."
I want Chilli Jam Halumi,Sure! You've ordered Chilli Jam Halumi.
"I want Bacon Loaded Fries, medium Cheese Burger","Sure! You've ordered Bacon Loaded Fries, Cheese Burger."
"I'd like to order Mayo, large Barbeque Double Melt","Sure! You've ordered Mayo, Barbeque Double Melt."
"Please give me medium Barbeque Sauce, Whopper, Chicken Royale","Sure! You've ordered Barbeque Sauce, Whopper, Chicken Royale."
Can you get me Fries,Sure! You've ordered Fries.
"I'd like to order Mayo, medium 6 Chilli Bites","Sure! You've ordered Mayo, 6 Chilli Bites."
Can you get me large Cheese Loaded Fries,Sure! You've ordered Cheese Loaded Fries.
"Could I have Large Fries, Spicy Mayo, 6 Doritos","Sure! You've ordered Large Fries, Spicy Mayo, 6 Doritos."
"Can you get me Chimichuri Chicken, Steakhouse Chicken","Sure! You've ordered Chimichuri Chicken, Steakhouse Chicken."
Can I get Chimichuri Loaded Fries,Sure! You've ordered Chimichuri Loaded Fries.
"Could I have large Chimichuri Chicken, Cocacola Zero","Sure! You've ordered Chimichuri Chicken, Cocacola Zero."
"I want small Tea, medium Cocacola Zero, Vegan Royale","Sure! You've ordered Tea, Cocacola Zero, Vegan Royale."
"Please give me 6 Nuggets, Water","Sure! You've ordered 6 Nuggets, Water."
Please give me Spicy Mayo,Sure! You've ordered Spicy Mayo.
"Can I get large 9 Chilli Bites, medium 20 Doritos, large Chicken Royale","Sure! You've ordered 9 Chilli Bites, 20 Doritos, Chicken Royale."
"I'd like to order 4 Nuggets, Diet Cocacola, large Cocacola Classic","Sure! You've ordered 4 Nuggets, Diet Cocacola, Cocacola Classic."
Can you get me 3 Chilli Bites,Sure! You've ordered 3 Chilli Bites.
Could I have Chimichuri Angus,Sure! You've ordered Chimichuri Angus.
"I'd like to order Fries, medium Hot Chilli","Sure! You've ordered Fries, Hot Chilli."
"Can you get me Cocacola Classic, Chimichuri Loaded Fries","Sure! You've ordered Cocacola Classic, Chimichuri Loaded Fries."
"Can you get me Fanta, Chicken Royale","Sure! You've ordered Fanta, Chicken Royale."
Can I get 20 Nuggets,Sure! You've ordered 20 Nuggets.
"I'll have 9 Nuggets, Spicy Mayo","Sure! You've ordered 9 Nuggets, Spicy Mayo."
Could I have Cheese Burger,Sure! You've ordered Cheese Burger.
Can you get me Bacon Double X L,Sure! You've ordered Bacon Double X L.
"I need medium Bacon Stacker, Classic Double Melt, Chicken Royale","Sure! You've ordered Bacon Stacker, Classic Double Melt, Chicken Royale."
"Please give me Mayo, small Whopper, Steakhouse Angus","Sure! You've ordered Mayo, Whopper, Steakhouse Angus."
"I need Steakhouse Chicken, medium Small Fries","Sure! You've ordered Steakhouse Chicken, Small Fries."
"Can I get Spicy Mayo, Water","Sure! You've ordered Spicy Mayo, Water."
"Can you get me Chimichuri Loaded Fries, Cheese Burger","Sure! You've ordered Chimichuri Loaded Fries, Cheese Burger."
I'd like to order large 6 Nuggets,Sure! You've ordered 6 Nuggets.
Can I get Ham Burger,Sure! You've ordered Ham Burger.
I want 6 Doritos,Sure! You've ordered 6 Doritos.
"Could I have Cheese Loaded Fries, medium 9 Doritos, Barbeque Double Melt","Sure! You've ordered Cheese Loaded Fries, 9 Doritos, Barbeque Double Melt."
"Can you get me large 20 Doritos, Large Fries, Fries","Sure! You've ordered 20 Doritos, Large Fries, Fries."
Could I have Tea,Sure! You've ordered Tea.
"I'll have Barbeque Double Melt, small 4 Chilli Bites, large Chimichuri Loaded Fries","Sure! You've ordered Barbeque Double Melt, 4 Chilli Bites, Chimichuri Loaded Fries."
"I want large Mayo, 5 Doritos","Sure! You've ordered Mayo, 5 Doritos."
"I'd like to order medium 9 Chilli Bites, Classic Double Melt","Sure! You've ordered 9 Chilli Bites, Classic Double Melt."
"Can you get me large Mayo, PB Whopper, Chicken Royale","Sure! You've ordered Mayo, PB Whopper, Chicken Royale."
"Please give me Cocacola Classic, 6 Nuggets","Sure! You've ordered Cocacola Classic, 6 Nuggets."
"Could I have small 4 Nuggets, small Bacon Loaded Fries","Sure! You've ordered 4 Nuggets, Bacon Loaded Fries."
"Can I get 6 Nuggets, 20 Doritos, large Bacon Stacker","Sure! You've ordered 6 Nuggets, 20 Doritos, Bacon Stacker."
I'd like to order 6 Nuggets,Sure! You've ordered 6 Nuggets.
"I'd like to order small Ham Burger, Mayo","Sure! You've ordered Ham Burger, Mayo."
Can you get me large Vegan Royale,Sure! You've ordered Vegan Royale.
"Can I get medium Diet Cocacola, Hot Chilli","Sure! You've ordered Diet Cocacola, Hot Chilli."
"Could I have Chicken Royale, Steakhouse Angus, 5 Doritos","Sure! You've ordered Chicken Royale, Steakhouse Angus, 5 Doritos."
"Can I get Ham Burger, Cheese Burger","Sure! You've ordered Ham Burger, Cheese Burger."
"Can you get me Classic Double Melt, Chimichuri Loaded Fries","Sure! You've ordered Classic Double Melt, Chimichuri Loaded Fries."
"I want Barbeque Sauce, Chilli Jam Halumi, Tea","Sure! You've ordered Barbeque Sauce, Chilli Jam Halumi, Tea."
"I'll have 20 Nuggets, Water, 20 Doritos","Sure! You've ordered 20 Nuggets, Water, 20 Doritos."
I'd like to order small PB Whopper,Sure! You've ordered PB Whopper.
"I need small Whopper, medium 5 Doritos","Sure! You've ordered Whopper, 5 Doritos."
"I'll have Bacon Double X L, large Chilli Jam Halumi, Water","Sure! You've ordered Bacon Double X L, Chilli Jam Halumi, Water."
"I need Classic Double Melt, medium Fries, medium Cocacola Classic","Sure! You've ordered Classic Double Melt, Fries, Cocacola Classic."
"I'd like to order medium Cheese Loaded Fries, Chimichuri Chicken, Cocacola Zero","Sure! You've ordered Cheese Loaded Fries, Chimichuri Chicken, Cocacola Zero."
"I'll have Steakhouse Chicken, 9 Nuggets","Sure! You've ordered Steakhouse Chicken, 9 Nuggets."
Can you get me 4 Nuggets,Sure! You've ordered 4 Nuggets.
"I'd like to order small Bacon Loaded Fries, 9 Nuggets","Sure! You've ordered Bacon Loaded Fries, 9 Nuggets."
"I'll have Steakhouse Angus, 6 Nuggets, Cocacola Zero","Sure! You've ordered Steakhouse Angus, 6 Nuggets, Cocacola Zero."
Can I get 3 Chilli Bites,Sure! You've ordered 3 Chilli Bites.
"I'd like to order medium 5 Doritos, Mayo, large Chilli Jam Halumi","Sure! You've ordered 5 Doritos, Mayo, Chilli Jam Halumi."
I want medium Cheese Loaded Fries,Sure! You've ordered Cheese Loaded Fries.
"I want medium Steakhouse Chicken, large Barbeque Sauce, Chicken Royale","Sure! You've ordered Steakhouse Chicken, Barbeque Sauce, Chicken Royale."
"I'll have Chilli Jam Whopper, Cocacola Classic, Whopper","Sure! You've ordered Chilli Jam Whopper, Cocacola Classic, Whopper."
"I'd like to order Ham Burger, small Chicken Royale","Sure! You've ordered Ham Burger, Chicken Royale."
I'd like to order 9 Chilli Bites,Sure! You've ordered 9 Chilli Bites.
I need Bacon Stacker,Sure! You've ordered Bacon Stacker.
"Could I have 6 Nuggets, 20 Nuggets","Sure! You've ordered 6 Nuggets, 20 Nuggets."
"I'd like to order Hot Chilli, 4 Chilli Bites","Sure! You've ordered Hot Chilli, 4 Chilli Bites."
"I want Chimichuri Loaded Fries, Bacon Loaded Fries, Steakhouse Chicken","Sure! You've ordered Chimichuri Loaded Fries, Bacon Loaded Fries, Steakhouse Chicken."
I'd like to order 20 Doritos,Sure! You've ordered 20 Doritos.
"Could I have Cheese Burger, Diet Cocacola","Sure! You've ordered Cheese Burger, Diet Cocacola."
Can you get me Chimichuri Chicken,Sure! You've ordered Chimichuri Chicken.
"I'd like to order small 20 Nuggets, 20 Chilli Bites, Small Fries","Sure! You've ordered 20 Nuggets, 20 Chilli Bites, Small Fries."
"I want Chimichuri Loaded Fries, 4 Chilli Bites, Barbeque Double Melt","Sure! You've ordered Chimichuri Loaded Fries, 4 Chilli Bites, Barbeque Double Melt."
"Could I have large Water, Cocacola Classic, Hot Chilli","Sure! You've ordered Water, Cocacola Classic, Hot Chilli."
I'd like to order 4 Nuggets,Sure! You've ordered 4 Nuggets.
"Could I have medium 9 Doritos, small Cheese Loaded Fries, 20 Nuggets","Sure! You've ordered 9 Doritos, Cheese Loaded Fries, 20 Nuggets."
Please give me Hot Chilli,Sure! You've ordered Hot Chilli.
"I need 4 Chilli Bites, large Chilli Jam Halumi","Sure! You've ordered 4 Chilli Bites, Chilli Jam Halumi."
"Can I get 6 Doritos, Chilli Jam Halumi","Sure! You've ordered 6 Doritos, Chilli Jam Halumi."
"I need Chimichuri Angus, large Diet Cocacola","Sure! You've ordered Chimichuri Angus, Diet Cocacola."
"Can I get 6 Doritos, medium Cocacola Classic","Sure! You've ordered 6 Doritos, Cocacola Classic."
"Could I have Water, Bacon Loaded Fries, Vegan Royale","Sure! You've ordered Water, Bacon Loaded Fries, Vegan Royale."
"I want Water, 20 Nuggets, 5 Doritos","Sure! You've ordered Water, 20 Nuggets, 5 Doritos."
"Could I have Steakhouse Angus, medium 6 Chilli Bites, medium Chilli Jam Halumi","Sure! You've ordered Steakhouse Angus, 6 Chilli Bites, Chilli Jam Halumi."
Please give me Vegan Royale,Sure! You've ordered Vegan Royale.
"Can you get me Hot Chilli, large 9 Nuggets","Sure! You've ordered Hot Chilli, 9 Nuggets."
"Can you get me 5 Doritos, Cocacola Zero","Sure! You've ordered 5 Doritos, Cocacola Zero."
"Can I get 6 Nuggets, large Cheese Loaded Fries","Sure! You've ordered 6 Nuggets, Cheese Loaded Fries."
"I want 9 Nuggets, Large Fries, Bacon Loaded Fries","Sure! You've ordered 9 Nuggets, Large Fries, Bacon Loaded Fries."
Can I get small 6 Doritos,Sure! You've ordered 6 Doritos.
Please give me Steakhouse Chicken,Sure! You've ordered Steakhouse Chicken.
"I'd like to order medium 9 Nuggets, Large Fries, Fries","Sure! You've ordered 9 Nuggets, Large Fries, Fries."
I'll have large Chicken Royale,Sure! You've ordered Chicken Royale.
"Could I have large Fanta, 9 Chilli Bites, Diet Cocacola","Sure! You've ordered Fanta, 9 Chilli Bites, Diet Cocacola."
I'll have small Barbeque Sauce,Sure! You've ordered Barbeque Sauce.
"I'd like to order large 3 Chilli Bites, Chicken Royale, large Cocacola Classic","Sure! You've ordered 3 Chilli Bites, Chicken Royale, Cocacola Classic."
I want Cocacola Classic,Sure! You've ordered Cocacola Classic.
"Can I get Chicken Royale, medium 4 Chilli Bites, medium Bacon Double X L","Sure! You've ordered Chicken Royale, 4 Chilli Bites, Bacon Double X L."
"Could I have Steakhouse Angus, small Barbeque Sauce","Sure! You've ordered Steakhouse Angus, Barbeque Sauce."
"I need Fries, small Bacon Double X L","Sure! You've ordered Fries, Bacon Double X L."
I want large Water,Sure! You've ordered Water.
"Can you get me 5 Doritos, small Steakhouse Angus","Sure! You've ordered 5 Doritos, Steakhouse Angus."
"Can you get me Chicken Royale, 4 Nuggets","Sure! You've ordered Chicken Royale, 4 Nuggets."
"I want small Bacon Double, Bacon Stacker","Sure! You've ordered Bacon Double, Bacon Stacker."
I'll have 6 Chilli Bites,Sure! You've ordered 6 Chilli Bites.
"I'd like to order small 3 Chilli Bites, 4 Chilli Bites, 20 Nuggets","Sure! You've ordered 3 Chilli Bites, 4 Chilli Bites, 20 Nuggets."
"Could I have Vegan Royale, 20 Chilli Bites, Chilli Jam Halumi","Sure! You've ordered Vegan Royale, 20 Chilli Bites, Chilli Jam Halumi."
"Can I get large 6 Chilli Bites, Bacon Double","Sure! You've ordered 6 Chilli Bites, Bacon Double."
I'd like to order Cocacola Zero,Sure! You've ordered Cocacola Zero.
"Can I get PB Whopper, 20 Chilli Bites, Chimichuri Loaded Fries","Sure! You've ordered PB Whopper, 20 Chilli Bites, Chimichuri Loaded Fries."
"I'll have Chicken Royale, 4 Nuggets","Sure! You've ordered Chicken Royale, 4 Nuggets."
"I want Large Fries, Bacon Stacker","Sure! You've ordered Large Fries, Bacon Stacker."
"I need Bacon Loaded Fries, Fries","Sure! You've ordered Bacon Loaded Fries, Fries."
"I'd like to order 20 Doritos, 4 Chilli Bites, Hot Chilli","Sure! You've ordered 20 Doritos, 4 Chilli Bites, Hot Chilli."
"I'll have Bacon Loaded Fries, PB Whopper","Sure! You've ordered Bacon Loaded Fries, PB Whopper."
"Please give me Diet Cocacola, 20 Nuggets","Sure! You've ordered Diet Cocacola, 20 Nuggets."
I need Tea,Sure! You've ordered Tea.
"Please give me small Steakhouse Angus, Chimichuri Chicken, Chilli Jam Halumi","Sure! You've ordered Steakhouse Angus, Chimichuri Chicken, Chilli Jam Halumi."
"I'd like to order large 20 Nuggets, Cocacola Zero","Sure! You've ordered 20 Nuggets, Cocacola Zero."
"Can I get 4 Chilli Bites, Diet Cocacola, 4 Nuggets","Sure! You've ordered 4 Chilli Bites, Diet Cocacola, 4 Nuggets."
"I'd like to order Chimichuri Loaded Fries, Chilli Jam Whopper, PB Whopper","Sure! You've ordered Chimichuri Loaded Fries, Chilli Jam Whopper, PB Whopper."
Can I get small Diet Cocacola,Sure! You've ordered Diet Cocacola.
I need 20 Chilli Bites,Sure! You've ordered 20 Chilli Bites.
Could I have Tea,Sure! You've ordered Tea.
"Can you get me PB Whopper, medium 20 Nuggets","Sure! You've ordered PB Whopper, 20 Nuggets."
"I want 9 Chilli Bites, Cheese Burger","Sure! You've ordered 9 Chilli Bites, Cheese Burger."
Can you get me Bacon Double X L,Sure! You've ordered Bacon Double X L.
Please give me Whopper,Sure! You've ordered Whopper.
"I want large Chimichuri Angus, Chimichuri Loaded Fries","Sure! You've ordered Chimichuri Angus, Chimichuri Loaded Fries."
"I want Ham Burger, small Steakhouse Chicken, small Chimichuri Loaded Fries","Sure! You've ordered Ham Burger, Steakhouse Chicken, Chimichuri Loaded Fries."
"Can I get large Tea, Cocacola Classic","Sure! You've ordered Tea, Cocacola Classic."
"Could I have Tea, 4 Chilli Bites, Cheese Burger","Sure! You've ordered Tea, 4 Chilli Bites, Cheese Burger."
I'd like to order Tea,Sure! You've ordered Tea.
"Can you get me Cocacola Zero, small Small Fries","Sure! You've ordered Cocacola Zero, Small Fries."
"Can you get me small Chilli Jam Halumi, 3 Chilli Bites, large Chimichuri Chicken","Sure! You've ordered Chilli Jam Halumi, 3 Chilli Bites, Chimichuri Chicken."
"I need small 6 Doritos, Barbeque Sauce, Steakhouse Angus","Sure! You've ordered 6 Doritos, Barbeque Sauce, Steakhouse Angus."
"I need Steakhouse Angus, medium Chimichuri Loaded Fries, Large Fries","Sure! You've ordered Steakhouse Angus, Chimichuri Loaded Fries, Large Fries."
"Can I get medium Small Fries, Classic Double Melt","Sure! You've ordered Small Fries, Classic Double Melt."
Can you get me small Bacon Double,Sure! You've ordered Bacon Double.
"I'll have Large Fries, PB Whopper, Fries","Sure! You've ordered Large Fries, PB Whopper, Fries."
"I'll have small Steakhouse Angus, Steakhouse Chicken","Sure! You've ordered Steakhouse Angus, Steakhouse Chicken."
Could I have Bacon Double X L,Sure! You've ordered Bacon Double X L.
Please give me Barbeque Double Melt,Sure! You've ordered Barbeque Double Melt.
Please give me Fries,Sure! You've ordered Fries.
"I need 6 Nuggets, Bacon Double","Sure! You've ordered 6 Nuggets, Bacon Double."
I want Cheese Burger,Sure! You've ordered Cheese Burger.
"I'd like to order large Small Fries, small Steakhouse Angus","Sure! You've ordered Small Fries, Steakhouse Angus."
"I want 6 Nuggets, small 3 Chilli Bites, large Ham Burger","Sure! You've ordered 6 Nuggets, 3 Chilli Bites, Ham Burger."
"Can you get me Chilli Jam Whopper, Cocacola Classic","Sure! You've ordered Chilli Jam Whopper, Cocacola Classic."
"Please give me medium 6 Doritos, small Barbeque Sauce","Sure! You've ordered 6 Doritos, Barbeque Sauce."
"I'll have Tea, Cocacola Classic, Large Fries","Sure! You've ordered Tea, Cocacola Classic, Large Fries."
"I'd like to order 3 Chilli Bites, Mayo","Sure! You've ordered 3 Chilli Bites, Mayo."
I'll have large Fanta,Sure! You've ordered Fanta.
"I want Chilli Jam Whopper, large Classic Double Melt","Sure! You've ordered Chilli Jam Whopper, Classic Double Melt."
Could I have Fanta,Sure! You've ordered Fanta.
"I'll have large Bacon Stacker, medium PB Whopper, small Sprite Zero","Sure! You've ordered Bacon Stacker, PB Whopper, Sprite Zero."
"I want small 6 Doritos, small Steakhouse Angus, medium Chimichuri Angus","Sure! You've ordered 6 Doritos, Steakhouse Angus, Chimichuri Angus."
"Please give me large Whopper, 6 Nuggets, medium 9 Doritos","Sure! You've ordered Whopper, 6 Nuggets, 9 Doritos."
"Could I have Steakhouse Angus, Bacon Stacker, Chimichuri Loaded Fries","Sure! You've ordered Steakhouse Angus, Bacon Stacker, Chimichuri Loaded Fries."
"I want Chimichuri Chicken, 6 Nuggets","Sure! You've ordered Chimichuri Chicken, 6 Nuggets."
"I want large Fries, Classic Double Melt, Chicken Royale","Sure! You've ordered Fries, Classic Double Melt, Chicken Royale."
I'd like to order small 9 Chilli Bites,Sure! You've ordered 9 Chilli Bites.
"I need 6 Nuggets, large Chimichuri Angus, medium Chicken Royale","Sure! You've ordered 6 Nuggets, Chimichuri Angus, Chicken Royale."
Can you get me small Fries,Sure! You've ordered Fries.
"Can you get me medium Fries, medium Diet Cocacola","Sure! You've ordered Fries, Diet Cocacola."
"I need Fries, Classic Double Melt","Sure! You've ordered Fries, Classic Double Melt."
"I'd like to order Classic Double Melt, small Bacon Double","Sure! You've ordered Classic Double Melt, Bacon Double."
"I want large Cheese Loaded Fries, Ham Burger","Sure! You've ordered Cheese Loaded Fries, Ham Burger."
"Can I get medium Barbeque Double Melt, Cheese Loaded Fries, Water","Sure! You've ordered Barbeque Double Melt, Cheese Loaded Fries, Water."
"Could I have small Bacon Double X L, small Tea, large Fries","Sure! You've ordered Bacon Double X L, Tea, Fries."
"I'll have 4 Nuggets, large Whopper","Sure! You've ordered 4 Nuggets, Whopper."
"Please give me 9 Doritos, Chimichuri Chicken","Sure! You've ordered 9 Doritos, Chimichuri Chicken."
Could I have Vegan Royale,Sure! You've ordered Vegan Royale.
I'll have 6 Chilli Bites,Sure! You've ordered 6 Chilli Bites.
"Please give me small 20 Nuggets, medium Chimichuri Loaded Fries, Chimichuri Chicken","Sure! You've ordered 20 Nuggets, Chimichuri Loaded Fries, Chimichuri Chicken."
Can I get small Ham Burger,Sure! You've ordered Ham Burger.
Can you get me 20 Chilli Bites,Sure! You've ordered 20 Chilli Bites.
"I'll have Chicken Royale, medium Cocacola Zero, Chimichuri Loaded Fries","Sure! You've ordered Chicken Royale, Cocacola Zero, Chimichuri Loaded Fries."
I need Barbeque Double Melt,Sure! You've ordered Barbeque Double Melt.
"I need Chilli Jam Halumi, large 20 Nuggets","Sure! You've ordered Chilli Jam Halumi, 20 Nuggets."
I want 9 Chilli Bites,Sure! You've ordered 9 Chilli Bites.
I'd like to order Chilli Jam Halumi,Sure! You've ordered Chilli Jam Halumi.
"Could I have Sprite Zero, Cocacola Zero, Cheese Loaded Fries","Sure! You've ordered Sprite Zero, Cocacola Zero, Cheese Loaded Fries."
"Could I have 4 Nuggets, Bacon Stacker","Sure! You've ordered 4 Nuggets, Bacon Stacker."
"Could I have medium Bacon Double, medium 3 Chilli Bites","Sure! You've ordered Bacon Double, 3 Chilli Bites."
"Can you get me 9 Chilli Bites, 5 Doritos","Sure! You've ordered 9 Chilli Bites, 5 Doritos."
"Can you get me Ham Burger, 4 Chilli Bites, Chicken Royale","Sure! You've ordered Ham Burger, 4 Chilli Bites, Chicken Royale."
"I want PB Whopper, 6 Nuggets, Bacon Loaded Fries","Sure! You've ordered PB Whopper, 6 Nuggets, Bacon Loaded Fries."
"I need Fanta, 3 Chilli Bites, Chimichuri Angus","Sure! You've ordered Fanta, 3 Chilli Bites, Chimichuri Angus."
"I'll have 9 Doritos, Bacon Double","Sure! You've ordered 9 Doritos, Bacon Double."
"I want 6 Chilli Bites, large 20 Chilli Bites, 3 Chilli Bites","Sure! You've ordered 6 Chilli Bites, 20 Chilli Bites, 3 Chilli Bites."
"I'd like to order Whopper, small Chilli Jam Whopper, Chimichuri Angus","Sure! You've ordered Whopper, Chilli Jam Whopper, Chimichuri Angus."
Can I get Diet Cocacola,Sure! You've ordered Diet Cocacola.
"Could I have Chimichuri Angus, large Chimichuri Chicken, 4 Nuggets","Sure! You've ordered Chimichuri Angus, Chimichuri Chicken, 4 Nuggets."
I'll have large 6 Nuggets,Sure! You've ordered 6 Nuggets.
Could I have medium 20 Chilli Bites,Sure! You've ordered 20 Chilli Bites.
Could I have 9 Nuggets,Sure! You've ordered 9 Nuggets.
I want 9 Nuggets,Sure! You've ordered 9 Nuggets.
Can you get me 20 Chilli Bites,Sure! You've ordered 20 Chilli Bites.
"I'll have Vegan Royale, Cocacola Classic","Sure! You've ordered Vegan Royale, Cocacola Classic."
"I want 9 Nuggets, Steakhouse Angus, 9 Chilli Bites","Sure! You've ordered 9 Nuggets, Steakhouse Angus, 9 Chilli Bites."
"Could I have 4 Nuggets, Cheese Loaded Fries, Bacon Double X L","Sure! You've ordered 4 Nuggets, Cheese Loaded Fries, Bacon Double X L."
"Can I get Classic Double Melt, Chilli Jam Halumi, 3 Chilli Bites","Sure! You've ordered Classic Double Melt, Chilli Jam Halumi, 3 Chilli Bites."
"Could I have Diet Cocacola, large Cocacola Classic, Sprite Zero","Sure! You've ordered Diet Cocacola, Cocacola Classic, Sprite Zero."
"Can I get Diet Cocacola, 6 Nuggets, 4 Nuggets","Sure! You've ordered Diet Cocacola, 6 Nuggets, 4 Nuggets."
"I need small Bacon Stacker, 6 Nuggets, Bacon Double X L","Sure! You've ordered Bacon Stacker, 6 Nuggets, Bacon Double X L."
"Can I get large Chimichuri Chicken, large Chilli Jam Halumi","Sure! You've ordered Chimichuri Chicken, Chilli Jam Halumi."
"Can you get me Steakhouse Angus, medium Mayo","Sure! You've ordered Steakhouse Angus, Mayo."
Could I have Cheese Burger,Sure! You've ordered Cheese Burger.
"I need 5 Doritos, Small Fries","Sure! You've ordered 5 Doritos, Small Fries."
"Can I get Chimichuri Angus, large Vegan Royale, medium Sprite Zero","Sure! You've ordered Chimichuri Angus, Vegan Royale, Sprite Zero."
"Please give me 20 Doritos, 20 Chilli Bites","Sure! You've ordered 20 Doritos, 20 Chilli Bites."
Please give me 9 Nuggets,Sure! You've ordered 9 Nuggets.
"I need Chimichuri Loaded Fries, Steakhouse Angus","Sure! You've ordered Chimichuri Loaded Fries, Steakhouse Angus."
"Could I have 9 Nuggets, small Bacon Stacker","Sure! You've ordered 9 Nuggets, Bacon Stacker."
I want 6 Doritos,Sure! You've ordered 6 Doritos.
Could I have Classic Double Melt,Sure! You've ordered Classic Double Melt.
Please give me Mayo,Sure! You've ordered Mayo.
"Please give me 3 Chilli Bites, Cocacola Zero","Sure! You've ordered 3 Chilli Bites, Cocacola Zero."
Please give me 3 Chilli Bites,Sure! You've ordered 3 Chilli Bites.
Please give me small Bacon Double X L,Sure! You've ordered Bacon Double X L.
"Can I get small 20 Chilli Bites, small Large Fries","Sure! You've ordered 20 Chilli Bites, Large Fries."
"I need medium Steakhouse Angus, small 20 Doritos","Sure! You've ordered Steakhouse Angus, 20 Doritos."
"I want 20 Chilli Bites, Chilli Jam Halumi, small Chicken Royale","Sure! You've ordered 20 Chilli Bites, Chilli Jam Halumi, Chicken Royale."
"Could I have large 6 Doritos, Cocacola Classic","Sure! You've ordered 6 Doritos, Cocacola Classic."
Can you get me large Chilli Jam Whopper,Sure! You've ordered Chilli Jam Whopper.
"Can you get me Chicken Royale, 6 Nuggets, medium Chilli Jam Whopper","Sure! You've ordered Chicken Royale, 6 Nuggets, Chilli Jam Whopper."
"I want small Spicy Mayo, Fries","Sure! You've ordered Spicy Mayo, Fries."
I want Chimichuri Chicken,Sure! You've ordered Chimichuri Chicken.
"Can you get me small 5 Doritos, Chimichuri Chicken, Large Fries","Sure! You've ordered 5 Doritos, Chimichuri Chicken, Large Fries."
Can you get me small Fanta,Sure! You've ordered Fanta.
I'd like to order Chicken Royale,Sure! You've ordered Chicken Royale.
"Please give me Steakhouse Angus, Whopper, Cheese Burger","Sure! You've ordered Steakhouse Angus, Whopper, Cheese Burger."
"Please give me Chimichuri Angus, Spicy Mayo","Sure! You've ordered Chimichuri Angus, Spicy Mayo."
Can I get 9 Nuggets,Sure! You've ordered 9 Nuggets.
"I'd like to order small Chilli Jam Halumi, Chimichuri Angus, large 6 Doritos","Sure! You've ordered Chilli Jam Halumi, Chimichuri Angus, 6 Doritos."
"Could I have 6 Doritos, large Bacon Loaded Fries, Barbeque Sauce","Sure! You've ordered 6 Doritos, Bacon Loaded Fries, Barbeque Sauce."
"Can I get Barbeque Sauce, large Steakhouse Angus, Chicken Royale","Sure! You've ordered Barbeque Sauce, Steakhouse Angus, Chicken Royale."
I'll have 9 Doritos,Sure! You've ordered 9 Doritos.
"I'll have Vegan Royale, small Steakhouse Angus, Fries","Sure! You've ordered Vegan Royale, Steakhouse Angus, Fries."
Could I have Large Fries,Sure! You've ordered Large Fries.
"Please give me large 5 Doritos, 6 Nuggets","Sure! You've ordered 5 Doritos, 6 Nuggets."
I need Ham Burger,Sure! You've ordered Ham Burger.
Please give me Barbeque Double Melt,Sure! You've ordered Barbeque Double Melt.
"Can I get medium Cheese Loaded Fries, 5 Doritos, small 6 Chilli Bites","Sure! You've ordered Cheese Loaded Fries, 5 Doritos, 6 Chilli Bites."
I want 4 Nuggets,Sure! You've ordered 4 Nuggets.
I want large Cocacola Zero,Sure! You've ordered Cocacola Zero.
I'd like to order medium Chicken Royale,Sure! You've ordered Chicken Royale.
I want large Hot Chilli,Sure! You've ordered Hot Chilli.
Can I get Steakhouse Angus,Sure! You've ordered Steakhouse Angus.
Can you get me Bacon Stacker,Sure! You've ordered Bacon Stacker.
"Can I get medium PB Whopper, small Spicy Mayo, Ham Burger","Sure! You've ordered PB Whopper, Spicy Mayo, Ham Burger."
"I'll have large 20 Chilli Bites, 4 Nuggets, Small Fries","Sure! You've ordered 20 Chilli Bites, 4 Nuggets, Small Fries."
"I need large Mayo, small Cocacola Classic, small 6 Doritos","Sure! You've ordered Mayo, Cocacola Classic, 6 Doritos."
"I'll have Vegan Royale, 9 Nuggets","Sure! You've ordered Vegan Royale, 9 Nuggets."
"Please give me Cheese Loaded Fries, medium Bacon Double X L, Barbeque Double Melt","Sure! You've ordered Cheese Loaded Fries, Bacon Double X L, Barbeque Double Melt."
I'd like to order medium 9 Nuggets,Sure! You've ordered 9 Nuggets.
"Can you get me Diet Cocacola, Chilli Jam Whopper","Sure! You've ordered Diet Cocacola, Chilli Jam Whopper."
"Can you get me Barbeque Sauce, Cheese Burger, PB Whopper","Sure! You've ordered Barbeque Sauce, Cheese Burger, PB Whopper."
"I'd like to order small Barbeque Sauce, medium 4 Chilli Bites, 9 Chilli Bites","Sure! You've ordered Barbeque Sauce, 4 Chilli Bites, 9 Chilli Bites."
I want Steakhouse Angus,Sure! You've ordered Steakhouse Angus.
I'd like to order large Barbeque Double Melt,Sure! You've ordered Barbeque Double Melt.
"I'll have small Hot Chilli, 3 Chilli Bites","Sure! You've ordered Hot Chilli, 3 Chilli Bites."
Can I get Steakhouse Chicken,Sure! You've ordered Steakhouse Chicken.
Please give me 20 Nuggets,Sure! You've ordered 20 Nuggets.
"I want small Hot Chilli, 9 Chilli Bites","Sure! You've ordered Hot Chilli, 9 Chilli Bites."
"I'll have small Fries, large Bacon Loaded Fries, small Chimichuri Chicken","Sure! You've ordered Fries, Bacon Loaded Fries, Chimichuri Chicken."
I want medium 20 Chilli Bites,Sure! You've ordered 20 Chilli Bites.
"Can you get me small 4 Chilli Bites, Ham Burger, Vegan Royale","Sure! You've ordered 4 Chilli Bites, Ham Burger, Vegan Royale."
Please give me Sprite Zero,Sure! You've ordered Sprite Zero.
"Could I have medium Cheese Burger, Vegan Royale","Sure! You've ordered Cheese Burger, Vegan Royale."
"I'll have small 9 Nuggets, Cheese Burger, small Chilli Jam Halumi","Sure! You've ordered 9 Nuggets, Cheese Burger, Chilli Jam Halumi."
"I want 6 Chilli Bites, Diet Cocacola","Sure! You've ordered 6 Chilli Bites, Diet Cocacola."
"Please give me Tea, Cheese Loaded Fries, Large Fries","Sure! You've ordered Tea, Cheese Loaded Fries, Large Fries."
"Please give me Barbeque Sauce, Bacon Loaded Fries, large Large Fries","Sure! You've ordered Barbeque Sauce, Bacon Loaded Fries, Large Fries."
Please give me medium 20 Chilli Bites,Sure! You've ordered 20 Chilli Bites.
"I want 20 Chilli Bites, Diet Cocacola, large Bacon Loaded Fries","Sure! You've ordered 20 Chilli Bites, Diet Cocacola, Bacon Loaded Fries."
"Could I have Cocacola Classic, medium Mayo, Classic Double Melt","Sure! You've ordered Cocacola Classic, Mayo, Classic Double Melt."
"I'll have Cheese Burger, Steakhouse Angus","Sure! You've ordered Cheese Burger, Steakhouse Angus."
Please give me Barbeque Double Melt,Sure! You've ordered Barbeque Double Melt.
I want Bacon Stacker,Sure! You've ordered Bacon Stacker.
I'd like to order medium Chimichuri Loaded Fries,Sure! You've ordered Chimichuri Loaded Fries.
"Can you get me Whopper, medium Bacon Stacker, Large Fries","Sure! You've ordered Whopper, Bacon Stacker, Large Fries."
"I'd like to order Large Fries, 9 Doritos, small Chilli Jam Halumi","Sure! You've ordered Large Fries, 9 Doritos, Chilli Jam Halumi."
Can I get 4 Nuggets,Sure! You've ordered 4 Nuggets.
"I'll have Fanta, small 6 Doritos","Sure! You've ordered Fanta, 6 Doritos."
"I'll have Whopper, large Chicken Royale","Sure! You've ordered Whopper, Chicken Royale."
"I'd like to order Steakhouse Chicken, Ham Burger, large Hot Chilli","Sure! You've ordered Steakhouse Chicken, Ham Burger, Hot Chilli."
"I'll have Small Fries, Fries, Chilli Jam Halumi","Sure! You've ordered Small Fries, Fries, Chilli Jam Halumi."
"I need Bacon Double, Barbeque Sauce, Chicken Royale","Sure! You've ordered Bacon Double, Barbeque Sauce, Chicken Royale."
I'd like to order 3 Chilli Bites,Sure! You've ordered 3 Chilli Bites.
"I want Large Fries, large 9 Doritos, large Cocacola Zero","Sure! You've ordered Large Fries, 9 Doritos, Cocacola Zero."
"Can you get me small 5 Doritos, large Bacon Double X L, Spicy Mayo","Sure! You've ordered 5 Doritos, Bacon Double X L, Spicy Mayo."
"I'd like to order 6 Chilli Bites, medium Steakhouse Chicken, medium Vegan Royale","Sure! You've ordered 6 Chilli Bites, Steakhouse Chicken, Vegan Royale."
"I'll have 9 Nuggets, large Steakhouse Chicken, 6 Nuggets","Sure! You've ordered 9 Nuggets, Steakhouse Chicken, 6 Nuggets."
I'd like to order medium 20 Nuggets,Sure! You've ordered 20 Nuggets.
"Can I get Whopper, Barbeque Sauce","Sure! You've ordered Whopper, Barbeque Sauce."
"Can you get me 5 Doritos, large Chimichuri Angus, Ham Burger","Sure! You've ordered 5 Doritos, Chimichuri Angus, Ham Burger."
"Please give me Mayo, 20 Doritos, Bacon Double X L","Sure! You've ordered Mayo, 20 Doritos, Bacon Double X L."
Can I get medium Cheese Loaded Fries,Sure! You've ordered Cheese Loaded Fries.
"Can you get me Chicken Royale, medium Hot Chilli, Cheese Loaded Fries","Sure! You've ordered Chicken Royale, Hot Chilli, Cheese Loaded Fries."
"Can you get me Spicy Mayo, Steakhouse Angus, small 6 Nuggets","Sure! You've ordered Spicy Mayo, Steakhouse Angus, 6 Nuggets."
"I'll have Sprite Zero, small Tea","Sure! You've ordered Sprite Zero, Tea."
I need 4 Chilli Bites,Sure! You've ordered 4 Chilli Bites.
"I want Fanta, 4 Chilli Bites, Chimichuri Loaded Fries","Sure! You've ordered Fanta, 4 Chilli Bites, Chimichuri Loaded Fries."
Could I have small Sprite Zero,Sure! You've ordered Sprite Zero.
"Can you get me small 5 Doritos, medium Hot Chilli, small 20 Chilli Bites","Sure! You've ordered 5 Doritos, Hot Chilli, 20 Chilli Bites."
"Can you get me Chicken Royale, 6 Chilli Bites, 4 Chilli Bites","Sure! You've ordered Chicken Royale, 6 Chilli Bites, 4 Chilli Bites."
"Can you get me Barbeque Double Melt, large Ham Burger, Fries","Sure! You've ordered Barbeque Double Melt, Ham Burger, Fries."
"Can I get Hot Chilli, 9 Nuggets, Tea","Sure! You've ordered Hot Chilli, 9 Nuggets, Tea."
"I need 9 Chilli Bites, Barbeque Double Melt, Steakhouse Chicken","Sure! You've ordered 9 Chilli Bites, Barbeque Double Melt, Steakhouse Chicken."
Can you get me small Cocacola Classic,Sure! You've ordered Cocacola Classic.
"I'll have small Chimichuri Chicken, small Chicken Royale","Sure! You've ordered Chimichuri Chicken, Chicken Royale."
"Could I have Hot Chilli, medium Chimichuri Loaded Fries, Whopper","Sure! You've ordered Hot Chilli, Chimichuri Loaded Fries, Whopper."
"Could I have 4 Nuggets, Whopper","Sure! You've ordered 4 Nuggets, Whopper."
Could I have Fries,Sure! You've ordered Fries.
Can you get me medium Bacon Loaded Fries,Sure! You've ordered Bacon Loaded Fries.
"Can you get me Barbeque Sauce, large Vegan Royale, Chilli Jam Whopper","Sure! You've ordered Barbeque Sauce, Vegan Royale, Chilli Jam Whopper."
Could I have small Chilli Jam Whopper,Sure! You've ordered Chilli Jam Whopper.
"Please give me 5 Doritos, medium 6 Chilli Bites","Sure! You've ordered 5 Doritos, 6 Chilli Bites."
"Could I have 5 Doritos, Chicken Royale, Bacon Stacker","Sure! You've ordered 5 Doritos, Chicken Royale, Bacon Stacker."
"I need small Water, medium Ham Burger, small 20 Nuggets","Sure! You've ordered Water, Ham Burger, 20 Nuggets."
"Can you get me Cheese Burger, Hot Chilli, Sprite Zero","Sure! You've ordered Cheese Burger, Hot Chilli, Sprite Zero."
I'll have Fries,Sure! You've ordered Fries.
I'd like to order Mayo,Sure! You've ordered Mayo.
"Could I have 6 Nuggets, large Small Fries","Sure! You've ordered 6 Nuggets, Small Fries."
"Could I have large Cheese Loaded Fries, Bacon Double X L, Bacon Double","Sure! You've ordered Cheese Loaded Fries, Bacon Double X L, Bacon Double."
"I'll have Sprite Zero, Barbeque Sauce","Sure! You've ordered Sprite Zero, Barbeque Sauce."
Can you get me Bacon Stacker,Sure! You've ordered Bacon Stacker.
"I want 9 Chilli Bites, 4 Nuggets, large 9 Doritos","Sure! You've ordered 9 Chilli Bites, 4 Nuggets, 9 Doritos."
"Please give me 6 Chilli Bites, Spicy Mayo","Sure! You've ordered 6 Chilli Bites, Spicy Mayo."
Can you get me 6 Doritos,Sure! You've ordered 6 Doritos.
"Can you get me Bacon Double X L, Classic Double Melt, medium Hot Chilli","Sure! You've ordered Bacon Double X L, Classic Double Melt, Hot Chilli."
"I need Barbeque Double Melt, 9 Doritos, Bacon Stacker","Sure! You've ordered Barbeque Double Melt, 9 Doritos, Bacon Stacker."
"I'll have 6 Doritos, Ham Burger","Sure! You've ordered 6 Doritos, Ham Burger."
I want Chimichuri Angus,Sure! You've ordered Chimichuri Angus.
I need medium Barbeque Sauce,Sure! You've ordered Barbeque Sauce.
Can you get me Bacon Stacker,Sure! You've ordered Bacon Stacker.
"I need Bacon Double, Chimichuri Angus","Sure! You've ordered Bacon Double, Chimichuri Angus."
"Can you get me medium Cheese Burger, large Chimichuri Loaded Fries, 9 Chilli Bites","Sure! You've ordered Cheese Burger, Chimichuri Loaded Fries, 9 Chilli Bites."
I'll have large Barbeque Double Melt,Sure! You've ordered Barbeque Double Melt.
"I'll have Hot Chilli, medium Spicy Mayo, Cheese Burger","Sure! You've ordered Hot Chilli, Spicy Mayo, Cheese Burger."
I'd like to order Chimichuri Angus,Sure! You've ordered Chimichuri Angus.
"I'll have Ham Burger, Chimichuri Chicken","Sure! You've ordered Ham Burger, Chimichuri Chicken."
I'll have Vegan Royale,Sure! You've ordered Vegan Royale.
"Can I get 3 Chilli Bites, medium 6 Doritos, small Tea","Sure! You've ordered 3 Chilli Bites, 6 Doritos, Tea."
I want small Water,Sure! You've ordered Water.
"I'll have small 6 Doritos, 20 Doritos, 4 Chilli Bites","Sure! You've ordered 6 Doritos, 20 Doritos, 4 Chilli Bites."
I'd like to order Mayo,Sure! You've ordered Mayo.
"I want Cheese Loaded Fries, Chimichuri Chicken, Cocacola Classic","Sure! You've ordered Cheese Loaded Fries, Chimichuri Chicken, Cocacola Classic."
"Can you get me Mayo, small 3 Chilli Bites","Sure! You've ordered Mayo, 3 Chilli Bites."
"Please give me Whopper, small 9 Doritos, large 6 Nuggets","Sure! You've ordered Whopper, 9 Doritos, 6 Nuggets."
"Could I have large Water, Steakhouse Angus, Cocacola Zero","Sure! You've ordered Water, Steakhouse Angus, Cocacola Zero."
"Can you get me Small Fries, Tea, large 9 Chilli Bites","Sure! You've ordered Small Fries, Tea, 9 Chilli Bites."
I want medium 9 Doritos,Sure! You've ordered 9 Doritos.
"Can you get me Chimichuri Angus, Fanta","Sure! You've ordered Chimichuri Angus, Fanta."
"Could I have small Cheese Loaded Fries, Large Fries","Sure! You've ordered Cheese Loaded Fries, Large Fries."
"Please give me small Chicken Royale, medium Cheese Loaded Fries","Sure! You've ordered Chicken Royale, Cheese Loaded Fries."
"Can you get me 4 Chilli Bites, Chilli Jam Halumi","Sure! You've ordered 4 Chilli Bites, Chilli Jam Halumi."
I want small Ham Burger,Sure! You've ordered Ham Burger.
"Could I have Barbeque Sauce, 4 Nuggets, large Cocacola Zero","Sure! You've ordered Barbeque Sauce, 4 Nuggets, Cocacola Zero."
"Can I get small Hot Chilli, PB Whopper","Sure! You've ordered Hot Chilli, PB Whopper."
"Can I get Fanta, 9 Doritos","Sure! You've ordered Fanta, 9 Doritos."
I need Tea,Sure! You've ordered Tea.
Could I have 9 Doritos,Sure! You've ordered 9 Doritos.
Could I have 6 Chilli Bites,Sure! You've ordered 6 Chilli Bites.
"I'd like to order 20 Doritos, Whopper, Barbeque Double Melt","Sure! You've ordered 20 Doritos, Whopper, Barbeque Double Melt."
"I'd like to order Mayo, medium 4 Nuggets, small Chilli Jam Whopper","Sure! You've ordered Mayo, 4 Nuggets, Chilli Jam Whopper."
I need Bacon Double,Sure! You've ordered Bacon Double.
I'll have small Small Fries,Sure! You've ordered Small Fries.
"Can you get me medium Steakhouse Angus, medium Chilli Jam Halumi","Sure! You've ordered Steakhouse Angus, Chilli Jam Halumi."
"Please give me Steakhouse Angus, Mayo","Sure! You've ordered Steakhouse Angus, Mayo."
"Please give me Vegan Royale, Steakhouse Angus","Sure! You've ordered Vegan Royale, Steakhouse Angus."
Please give me Spicy Mayo,Sure! You've ordered Spicy Mayo.
Please give me Chimichuri Chicken,Sure! You've ordered Chimichuri Chicken.
"Can you get me small Water, large 6 Doritos, medium Cheese Loaded Fries","Sure! You've ordered Water, 6 Doritos, Cheese Loaded Fries."
"I'll have medium 20 Doritos, Barbeque Double Melt","Sure! You've ordered 20 Doritos, Barbeque Double Melt."
Can you get me 6 Nuggets,Sure! You've ordered 6 Nuggets.
"Could I have Bacon Double X L, Mayo","Sure! You've ordered Bacon Double X L, Mayo."
I'd like to order Whopper,Sure! You've ordered Whopper.
I want Vegan Royale,Sure! You've ordered Vegan Royale.
"I need large 6 Nuggets, 4 Nuggets, PB Whopper","Sure! You've ordered 6 Nuggets, 4 Nuggets, PB Whopper."
I'll have Cheese Burger,Sure! You've ordered Cheese Burger.
I need 5 Doritos,Sure! You've ordered 5 Doritos.
Can I get large Vegan Royale,Sure! You've ordered Vegan Royale.
Please give me 20 Chilli Bites,Sure! You've ordered 20 Chilli Bites.
"Can I get medium Steakhouse Chicken, Chimichuri Angus, small Classic Double Melt","Sure! You've ordered Steakhouse Chicken, Chimichuri Angus, Classic Double Melt."
"Could I have large Chimichuri Chicken, Cocacola Zero","Sure! You've ordered Chimichuri Chicken, Cocacola Zero."
"Can I get Whopper, Tea, 4 Nuggets","Sure! You've ordered Whopper, Tea, 4 Nuggets."
"Can you get me large Mayo, Chimichuri Angus","Sure! You've ordered Mayo, Chimichuri Angus."
"Can I get Whopper, Bacon Loaded Fries","Sure! You've ordered Whopper, Bacon Loaded Fries."
Please give me Chilli Jam Whopper,Sure! You've ordered Chilli Jam Whopper.
"Could I have large 9 Doritos, Bacon Double X L, Steakhouse Chicken","Sure! You've ordered 9 Doritos, Bacon Double X L, Steakhouse Chicken."
Can I get medium Mayo,Sure! You've ordered Mayo.
"I'd like to order 9 Chilli Bites, Bacon Loaded Fries","Sure! You've ordered 9 Chilli Bites, Bacon Loaded Fries."
"I need Chimichuri Angus, Diet Cocacola, Cocacola Classic","Sure! You've ordered Chimichuri Angus, Diet Cocacola, Cocacola Classic."
Can you get me 4 Chilli Bites,Sure! You've ordered 4 Chilli Bites.
Can you get me large 6 Doritos,Sure! You've ordered 6 Doritos.
Could I have 6 Nuggets,Sure! You've ordered 6 Nuggets.
Please give me 6 Nuggets,Sure! You've ordered 6 Nuggets.
"I'd like to order Chicken Royale, Steakhouse Angus, large Spicy Mayo","Sure! You've ordered Chicken Royale, Steakhouse Angus, Spicy Mayo."
"Can you get me large 6 Doritos, large 5 Doritos","Sure! You've ordered 6 Doritos, 5 Doritos."
"I want large 9 Doritos, Large Fries, 20 Nuggets","Sure! You've ordered 9 Doritos, Large Fries, 20 Nuggets."
"I want Cheese Burger, Bacon Double","Sure! You've ordered Cheese Burger, Bacon Double."
"I'd like to order medium 20 Nuggets, small Ham Burger, large Chimichuri Angus","Sure! You've ordered 20 Nuggets, Ham Burger, Chimichuri Angus."
"Can you get me Chimichuri Angus, large 3 Chilli Bites","Sure! You've ordered Chimichuri Angus, 3 Chilli Bites."
"Could I have Cocacola Zero, small Cocacola Classic, 4 Nuggets","Sure! You've ordered Cocacola Zero, Cocacola Classic, 4 Nuggets."
"I want Cheese Loaded Fries, Small Fries, small Whopper","Sure! You've ordered Cheese Loaded Fries, Small Fries, Whopper."
"Could I have small Sprite Zero, small 6 Chilli Bites, Large Fries","Sure! You've ordered Sprite Zero, 6 Chilli Bites, Large Fries."
"I'll have large Vegan Royale, large 20 Chilli Bites, Cocacola Zero","Sure! You've ordered Vegan Royale, 20 Chilli Bites, Cocacola Zero."
"Can you get me medium Diet Cocacola, Steakhouse Angus, large Small Fries","Sure! You've ordered Diet Cocacola, Steakhouse Angus, Small Fries."
"Could I have medium 6 Nuggets, medium 9 Nuggets","Sure! You've ordered 6 Nuggets, 9 Nuggets."
"Could I have Cheese Burger, 9 Doritos, 6 Nuggets","Sure! You've ordered Cheese Burger, 9 Doritos, 6 Nuggets."
I'd like to order Chicken Royale,Sure! You've ordered Chicken Royale.
Please give me medium Barbeque Double Melt,Sure! You've ordered Barbeque Double Melt.
I'll have Bacon Stacker,Sure! You've ordered Bacon Stacker.
"I want Chilli Jam Whopper, Sprite Zero","Sure! You've ordered Chilli Jam Whopper, Sprite Zero."
I need Fries,Sure! You've ordered Fries.
"Could I have medium Fanta, small 6 Nuggets, small Fries","Sure! You've ordered Fanta, 6 Nuggets, Fries."
Can you get me Bacon Loaded Fries,Sure! You've ordered Bacon Loaded Fries.
Can I get large Barbeque Double Melt,Sure! You've ordered Barbeque Double Melt.
"Can you get me Water, Cheese Burger, Mayo","Sure! You've ordered Water, Cheese Burger, Mayo."
"Please give me Cheese Loaded Fries, small Steakhouse Angus, small 5 Doritos","Sure! You've ordered Cheese Loaded Fries, Steakhouse Angus, 5 Doritos."
I need Bacon Loaded Fries,Sure! You've ordered Bacon Loaded Fries.
"I'd like to order 6 Nuggets, Hot Chilli, 20 Doritos","Sure! You've ordered 6 Nuggets, Hot Chilli, 20 Doritos."
"I'd like to order Chicken Royale, 5 Doritos, small Hot Chilli","Sure! You've ordered Chicken Royale, 5 Doritos, Hot Chilli."
"Could I have large Large Fries, medium Chicken Royale","Sure! You've ordered Large Fries, Chicken Royale."
I'll have large 9 Doritos,Sure! You've ordered 9 Doritos.
I'd like to order Fries,Sure! You've ordered Fries.
I want Chilli Jam Whopper,Sure! You've ordered Chilli Jam Whopper.
"Can you get me Diet Cocacola, small Whopper","Sure! You've ordered Diet Cocacola, Whopper."
"Please give me Sprite Zero, Ham Burger, Steakhouse Chicken","Sure! You've ordered Sprite Zero, Ham Burger, Steakhouse Chicken."
Please give me Tea,Sure! You've ordered Tea.
"I want Barbeque Sauce, 20 Nuggets, medium Chilli Jam Halumi","Sure! You've ordered Barbeque Sauce, 20 Nuggets, Chilli Jam Halumi."
Please give me Tea,Sure! You've ordered Tea.
I'll have 4 Chilli Bites,Sure! You've ordered 4 Chilli Bites.
"I want Steakhouse Angus, 9 Chilli Bites, small Chimichuri Chicken","Sure! You've ordered Steakhouse Angus, 9 Chilli Bites, Chimichuri Chicken."
"Can you get me Classic Double Melt, Bacon Stacker","Sure! You've ordered Classic Double Melt, Bacon Stacker."
I'll have Mayo,Sure! You've ordered Mayo.
Could I have medium Chimichuri Chicken,Sure! You've ordered Chimichuri Chicken.
"Please give me small Bacon Stacker, medium Fanta, 20 Doritos","Sure! You've ordered Bacon Stacker, Fanta, 20 Doritos."
"Can you get me Small Fries, large Steakhouse Angus","Sure! You've ordered Small Fries, Steakhouse Angus."
"I'd like to order small Bacon Double, 20 Nuggets, PB Whopper","Sure! You've ordered Bacon Double, 20 Nuggets, PB Whopper."
"I need Steakhouse Angus, medium 6 Chilli Bites, small Bacon Double","Sure! You've ordered Steakhouse Angus, 6 Chilli Bites, Bacon Double."
"I want Barbeque Sauce, Whopper","Sure! You've ordered Barbeque Sauce, Whopper."
"I'll have Steakhouse Angus, PB Whopper","Sure! You've ordered Steakhouse Angus, PB Whopper."
Please give me Steakhouse Angus,Sure! You've ordered Steakhouse Angus.
Can I get medium 9 Chilli Bites,Sure! You've ordered 9 Chilli Bites.
"Could I have 6 Chilli Bites, Chilli Jam Halumi, Cheese Loaded Fries","Sure! You've ordered 6 Chilli Bites, Chilli Jam Halumi, Cheese Loaded Fries."
"Please give me large Vegan Royale, large Bacon Double X L, Barbeque Double Melt","Sure! You've ordered Vegan Royale, Bacon Double X L, Barbeque Double Melt."
"I want small 20 Nuggets, Spicy Mayo","Sure! You've ordered 20 Nuggets, Spicy Mayo."
"Could I have 4 Nuggets, large Chimichuri Angus","Sure! You've ordered 4 Nuggets, Chimichuri Angus."
"I need Spicy Mayo, Diet Cocacola, PB Whopper","Sure! You've ordered Spicy Mayo, Diet Cocacola, PB Whopper."
"I need Chimichuri Angus, 6 Doritos, Bacon Stacker","Sure! You've ordered Chimichuri Angus, 6 Doritos, Bacon Stacker."
"I'll have 5 Doritos, Fries","Sure! You've ordered 5 Doritos, Fries."
"Can you get me Ham Burger, Classic Double Melt, Chicken Royale","Sure! You've ordered Ham Burger, Classic Double Melt, Chicken Royale."
"Please give me medium Fanta, 9 Chilli Bites","Sure! You've ordered Fanta, 9 Chilli Bites."
"I need large Cheese Loaded Fries, medium Steakhouse Chicken, 6 Chilli Bites","Sure! You've ordered Cheese Loaded Fries, Steakhouse Chicken, 6 Chilli Bites."
Please give me Small Fries,Sure! You've ordered Small Fries.
"Could I have Barbeque Sauce, 20 Nuggets, small Chimichuri Chicken","Sure! You've ordered Barbeque Sauce, 20 Nuggets, Chimichuri Chicken."
Can you get me Chilli Jam Halumi,Sure! You've ordered Chilli Jam Halumi.
"Could I have 20 Nuggets, medium Small Fries","Sure! You've ordered 20 Nuggets, Small Fries."
"I want Chimichuri Loaded Fries, 9 Nuggets","Sure! You've ordered Chimichuri Loaded Fries, 9 Nuggets."
Can I get Whopper,Sure! You've ordered Whopper.
I'd like to order Large Fries,Sure! You've ordered Large Fries.
"Can I get Fanta, small Cocacola Classic","Sure! You've ordered Fanta, Cocacola Classic."
"Please give me Bacon Stacker, Large Fries, medium Steakhouse Angus","Sure! You've ordered Bacon Stacker, Large Fries, Steakhouse Angus."
Please give me 20 Nuggets,Sure! You've ordered 20 Nuggets.
"I'll have Tea, Cheese Loaded Fries, Classic Double Melt","Sure! You've ordered Tea, Cheese Loaded Fries, Classic Double Melt."
"I'll have 9 Doritos, medium Cocacola Classic, medium 5 Doritos","Sure! You've ordered 9 Doritos, Cocacola Classic, 5 Doritos."
"I need small Chimichuri Angus, small 4 Nuggets","Sure! You've ordered Chimichuri Angus, 4 Nuggets."
"Could I have large Chilli Jam Whopper, 9 Nuggets, small 9 Chilli Bites","Sure! You've ordered Chilli Jam Whopper, 9 Nuggets, 9 Chilli Bites."
"I'd like to order Bacon Loaded Fries, small Cheese Loaded Fries","Sure! You've ordered Bacon Loaded Fries, Cheese Loaded Fries."
"Can I get 9 Doritos, 20 Nuggets","Sure! You've ordered 9 Doritos, 20 Nuggets."
"I want large 4 Nuggets, Diet Cocacola, Barbeque Sauce","Sure! You've ordered 4 Nuggets, Diet Cocacola, Barbeque Sauce."
"Can you get me Barbeque Sauce, medium 9 Nuggets, Diet Cocacola","Sure! You've ordered Barbeque Sauce, 9 Nuggets, Diet Cocacola."
"I want large Fries, Cheese Burger, 9 Doritos","Sure! You've ordered Fries, Cheese Burger, 9 Doritos."
I want Tea,Sure! You've ordered Tea.
I want 9 Nuggets,Sure! You've ordered 9 Nuggets.
"Can I get 20 Nuggets, small 4 Chilli Bites, PB Whopper","Sure! You've ordered 20 Nuggets, 4 Chilli Bites, PB Whopper."
"I want 5 Doritos, Cocacola Zero, Small Fries","Sure! You've ordered 5 Doritos, Cocacola Zero, Small Fries."
Can you get me medium Chilli Jam Halumi,Sure! You've ordered Chilli Jam Halumi.
"I want small Cheese Loaded Fries, 6 Chilli Bites, Barbeque Sauce","Sure! You've ordered Cheese Loaded Fries, 6 Chilli Bites, Barbeque Sauce."
Can I get large Bacon Stacker,Sure! You've ordered Bacon Stacker.
I'd like to order 9 Chilli Bites,Sure! You've ordered 9 Chilli Bites.
"I need small Cocacola Zero, Vegan Royale","Sure! You've ordered Cocacola Zero, Vegan Royale."
"I'll have large Hot Chilli, 9 Chilli Bites","Sure! You've ordered Hot Chilli, 9 Chilli Bites."
"Can I get large Chimichuri Chicken, Bacon Stacker","Sure! You've ordered Chimichuri Chicken, Bacon Stacker."
Please give me medium Bacon Double,Sure! You've ordered Bacon Double.
"Could I have Barbeque Double Melt, medium 20 Chilli Bites, large Mayo","Sure! You've ordered Barbeque Double Melt, 20 Chilli Bites, Mayo."
Can I get Whopper,Sure! You've ordered Whopper.
"Can you get me 20 Doritos, large Bacon Loaded Fries","Sure! You've ordered 20 Doritos, Bacon Loaded Fries."
"I'll have medium Bacon Double X L, Steakhouse Angus","Sure! You've ordered Bacon Double X L, Steakhouse Angus."
"I'd like to order Chimichuri Loaded Fries, Steakhouse Angus, Bacon Stacker","Sure! You've ordered Chimichuri Loaded Fries, Steakhouse Angus, Bacon Stacker."
Can you get me Tea,Sure! You've ordered Tea.
"Please give me Classic Double Melt, large Chicken Royale","Sure! You've ordered Classic Double Melt, Chicken Royale."
"Could I have Vegan Royale, large 3 Chilli Bites, 9 Nuggets","Sure! You've ordered Vegan Royale, 3 Chilli Bites, 9 Nuggets."
"I'd like to order 20 Doritos, medium 6 Nuggets","Sure! You've ordered 20 Doritos, 6 Nuggets."
I'll have 9 Doritos,Sure! You've ordered 9 Doritos.
"Could I have medium Bacon Double X L, large 6 Doritos, large Fries","Sure! You've ordered Bacon Double X L, 6 Doritos, Fries."
"Can I get large Steakhouse Angus, large Hot Chilli","Sure! You've ordered Steakhouse Angus, Hot Chilli."
I need 4 Nuggets,Sure! You've ordered 4 Nuggets.
"Please give me 9 Doritos, small Bacon Loaded Fries, Barbeque Sauce","Sure! You've ordered 9 Doritos, Bacon Loaded Fries, Barbeque Sauce."
"I need 20 Chilli Bites, Bacon Double, small 9 Nuggets","Sure! You've ordered 20 Chilli Bites, Bacon Double, 9 Nuggets."
I'll have 20 Doritos,Sure! You've ordered 20 Doritos.
"I'd like to order medium Tea, large Bacon Double X L, 20 Doritos","Sure! You've ordered Tea, Bacon Double X L, 20 Doritos."
"I'd like to order PB Whopper, small Barbeque Double Melt, Chimichuri Loaded Fries","Sure! You've ordered PB Whopper, Barbeque Double Melt, Chimichuri Loaded Fries."
I'd like to order Chimichuri Loaded Fries,Sure! You've ordered Chimichuri Loaded Fries.
"I need large Small Fries, 9 Nuggets","Sure! You've ordered Small Fries, 9 Nuggets."
"Could I have Cocacola Classic, Tea","Sure! You've ordered Cocacola Classic, Tea."
"Please give me Sprite Zero, large Spicy Mayo, Chimichuri Angus","Sure! You've ordered Sprite Zero, Spicy Mayo, Chimichuri Angus."
"Could I have large Bacon Loaded Fries, 6 Doritos, Hot Chilli","Sure! You've ordered Bacon Loaded Fries, 6 Doritos, Hot Chilli."
"I need 20 Nuggets, medium Classic Double Melt","Sure! You've ordered 20 Nuggets, Classic Double Melt."
Could I have Bacon Loaded Fries,Sure! You've ordered Bacon Loaded Fries.
I'd like to order Small Fries,Sure! You've ordered Small Fries.
"Can I get Steakhouse Angus, small Fries, Bacon Double","Sure! You've ordered Steakhouse Angus, Fries, Bacon Double."
"Can I get 20 Chilli Bites, Mayo, Chilli Jam Halumi","Sure! You've ordered 20 Chilli Bites, Mayo, Chilli Jam Halumi."
Please give me Chicken Royale,Sure! You've ordered Chicken Royale.
"Could I have Bacon Double, Chilli Jam Whopper","Sure! You've ordered Bacon Double, Chilli Jam Whopper."
"I'll have large Barbeque Double Melt, Cheese Loaded Fries, large Small Fries","Sure! You've ordered Barbeque Double Melt, Cheese Loaded Fries, Small Fries."
Could I have large Small Fries,Sure! You've ordered Small Fries.
I'll have 20 Nuggets,Sure! You've ordered 20 Nuggets.
"Please give me Water, Chimichuri Chicken","Sure! You've ordered Water, Chimichuri Chicken."
"Could I have Classic Double Melt, Whopper, 5 Doritos","Sure! You've ordered Classic Double Melt, Whopper, 5 Doritos."
"Please give me PB Whopper, medium Large Fries, small Classic Double Melt","Sure! You've ordered PB Whopper, Large Fries, Classic Double Melt."
I need medium Fries,Sure! You've ordered Fries.
"Could I have Classic Double Melt, 4 Chilli Bites, medium Chimichuri Angus","Sure! You've ordered Classic Double Melt, 4 Chilli Bites, Chimichuri Angus."
"Can you get me 9 Doritos, Vegan Royale, medium Barbeque Sauce","Sure! You've ordered 9 Doritos, Vegan Royale, Barbeque Sauce."
I need Diet Cocacola,Sure! You've ordered Diet Cocacola.
"I want Hot Chilli, small 9 Nuggets","Sure! You've ordered Hot Chilli, 9 Nuggets."
I need Cocacola Zero,Sure! You've ordered Cocacola Zero.
Could I have 20 Doritos,Sure! You've ordered 20 Doritos.
"I'll have large 6 Nuggets, Water, 20 Nuggets","Sure! You've ordered 6 Nuggets, Water, 20 Nuggets."
I want Fries,Sure! You've ordered Fries.
I want medium 4 Chilli Bites,Sure! You've ordered 4 Chilli Bites.
"Can you get me large 4 Nuggets, 6 Chilli Bites","Sure! You've ordered 4 Nuggets, 6 Chilli Bites."
"Please give me Cheese Loaded Fries, medium Small Fries, Bacon Loaded Fries","Sure! You've ordered Cheese Loaded Fries, Small Fries, Bacon Loaded Fries."
I want Barbeque Sauce,Sure! You've ordered Barbeque Sauce.
Could I have Chimichuri Angus,Sure! You've ordered Chimichuri Angus.
"Please give me Chimichuri Chicken, 6 Chilli Bites, large Bacon Double","Sure! You've ordered Chimichuri Chicken, 6 Chilli Bites, Bacon Double."
"Please give me Hot Chilli, Mayo, 5 Doritos","Sure! You've ordered Hot Chilli, Mayo, 5 Doritos."
Could I have 20 Nuggets,Sure! You've ordered 20 Nuggets.
"Could I have Steakhouse Angus, Chimichuri Loaded Fries, Chimichuri Angus","Sure! You've ordered Steakhouse Angus, Chimichuri Loaded Fries, Chimichuri Angus."
"I'll have Steakhouse Chicken, Chimichuri Loaded Fries","Sure! You've ordered Steakhouse Chicken, Chimichuri Loaded Fries."
"Can you get me medium 20 Nuggets, Diet Cocacola, medium Bacon Double X L","Sure! You've ordered 20 Nuggets, Diet Cocacola, Bacon Double X L."
Can you get me Spicy Mayo,Sure! You've ordered Spicy Mayo.
"Can I get 6 Chilli Bites, small 6 Nuggets, 9 Chilli Bites","Sure! You've ordered 6 Chilli Bites, 6 Nuggets, 9 Chilli Bites."
"Can I get 4 Chilli Bites, Fries, small 5 Doritos","Sure! You've ordered 4 Chilli Bites, Fries, 5 Doritos."
"Please give me large 9 Chilli Bites, Cheese Loaded Fries","Sure! You've ordered 9 Chilli Bites, Cheese Loaded Fries."
"I'll have 20 Doritos, 4 Nuggets, Mayo","Sure! You've ordered 20 Doritos, 4 Nuggets, Mayo."
"I want medium Chimichuri Chicken, 6 Doritos","Sure! You've ordered Chimichuri Chicken, 6 Doritos."
"Could I have medium 6 Nuggets, Hot Chilli","Sure! You've ordered 6 Nuggets, Hot Chilli."
"I'd like to order 20 Doritos, large Spicy Mayo","Sure! You've ordered 20 Doritos, Spicy Mayo."
Can you get me Small Fries,Sure! You've ordered Small Fries.
Please give me small Tea,Sure! You've ordered Tea.
Can I get 6 Doritos,Sure! You've ordered 6 Doritos.
I need Tea,Sure! You've ordered Tea.
"I want 5 Doritos, Cocacola Zero, Fries","Sure! You've ordered 5 Doritos, Cocacola Zero, Fries."
"Can you get me Hot Chilli, Bacon Double X L, 6 Chilli Bites","Sure! You've ordered Hot Chilli, Bacon Double X L, 6 Chilli Bites."
"I'd like to order large Barbeque Sauce, Cheese Burger","Sure! You've ordered Barbeque Sauce, Cheese Burger."
Could I have small Mayo,Sure! You've ordered Mayo.
I'll have large Chimichuri Loaded Fries,Sure! You've ordered Chimichuri Loaded Fries.
"I want small 6 Doritos, Barbeque Double Melt, Hot Chilli","Sure! You've ordered 6 Doritos, Barbeque Double Melt, Hot Chilli."
I'll have Whopper,Sure! You've ordered Whopper.
"Could I have large Mayo, Cocacola Classic, 6 Chilli Bites","Sure! You've ordered Mayo, Cocacola Classic, 6 Chilli Bites."
"Please give me Bacon Stacker, small PB Whopper","Sure! You've ordered Bacon Stacker, PB Whopper."
"Can you get me large Water, medium Fanta, Hot Chilli","Sure! You've ordered Water, Fanta, Hot Chilli."
"Could I have Whopper, medium Cheese Burger, Chimichuri Loaded Fries","Sure! You've ordered Whopper, Cheese Burger, Chimichuri Loaded Fries."
I'll have small Cocacola Classic,Sure! You've ordered Cocacola Classic.
"I want Mayo, large Diet Cocacola","Sure! You've ordered Mayo, Diet Cocacola."
Could I have 6 Nuggets,Sure! You've ordered 6 Nuggets.
"I'd like to order Sprite Zero, large Cheese Burger","Sure! You've ordered Sprite Zero, Cheese Burger."
"I'd like to order 6 Chilli Bites, medium Fanta, medium 20 Chilli Bites","Sure! You've ordered 6 Chilli Bites, Fanta, 20 Chilli Bites."
"Can you get me Bacon Stacker, Chilli Jam Whopper","Sure! You've ordered Bacon Stacker, Chilli Jam Whopper."
Could I have Chimichuri Chicken,Sure! You've ordered Chimichuri Chicken.
"Can I get Water, Cheese Burger","Sure! You've ordered Water, Cheese Burger."
"I want Steakhouse Chicken, 20 Doritos","Sure! You've ordered Steakhouse Chicken, 20 Doritos."
I want Fanta,Sure! You've ordered Fanta.
I want 9 Nuggets,Sure! You've ordered 9 Nuggets.
"Please give me Bacon Double X L, large Small Fries, 3 Chilli Bites","Sure! You've ordered Bacon Double X L, Small Fries, 3 Chilli Bites."
Please give me Classic Double Melt,Sure! You've ordered Classic Double Melt.
Can I get medium Hot Chilli,Sure! You've ordered Hot Chilli.
I need Bacon Loaded Fries,Sure! You've ordered Bacon Loaded Fries.
I'll have Tea,Sure! You've ordered Tea.
Could I have 4 Nuggets,Sure! You've ordered 4 Nuggets.
"I'd like to order Sprite Zero, large Chimichuri Loaded Fries","Sure! You've ordered Sprite Zero, Chimichuri Loaded Fries."
I want large Water,Sure! You've ordered Water.
"I'll have Chimichuri Chicken, Tea","Sure! You've ordered Chimichuri Chicken, Tea."
I want PB Whopper,Sure! You've ordered PB Whopper.
"I want large Tea, Ham Burger","Sure! You've ordered Tea, Ham Burger."
Please give me Steakhouse Angus,Sure! You've ordered Steakhouse Angus.
"I'd like to order 3 Chilli Bites, Small Fries, Cheese Loaded Fries","Sure! You've ordered 3 Chilli Bites, Small Fries, Cheese Loaded Fries."
"Can you get me medium Fanta, Mayo, medium Diet Cocacola","Sure! You've ordered Fanta, Mayo, Diet Cocacola."
"Can you get me medium Bacon Loaded Fries, medium Chimichuri Loaded Fries, Steakhouse Chicken","Sure! You've ordered Bacon Loaded Fries, Chimichuri Loaded Fries, Steakhouse Chicken."
"Can I get medium Chimichuri Chicken, medium Mayo","Sure! You've ordered Chimichuri Chicken, Mayo."
Could I have small Water,Sure! You've ordered Water.
"Could I have 9 Nuggets, 20 Nuggets","Sure! You've ordered 9 Nuggets, 20 Nuggets."
"I need Chimichuri Loaded Fries, small Barbeque Double Melt, Fanta","Sure! You've ordered Chimichuri Loaded Fries, Barbeque Double Melt, Fanta."
"Please give me medium Barbeque Double Melt, large Chimichuri Chicken","Sure! You've ordered Barbeque Double Melt, Chimichuri Chicken."
"I want medium 9 Nuggets, PB Whopper","Sure! You've ordered 9 Nuggets, PB Whopper."
Please give me 9 Doritos,Sure! You've ordered 9 Doritos.
"I need Hot Chilli, Chilli Jam Whopper","Sure! You've ordered Hot Chilli, Chilli Jam Whopper."
"Can you get me large Sprite Zero, small Whopper, 3 Chilli Bites","Sure! You've ordered Sprite Zero, Whopper, 3 Chilli Bites."
"Can I get small Bacon Stacker, 6 Nuggets, small Barbeque Double Melt","Sure! You've ordered Bacon Stacker, 6 Nuggets, Barbeque Double Melt."
I want Mayo,Sure! You've ordered Mayo.
I'll have large Bacon Double,Sure! You've ordered Bacon Double.
"Can I get 3 Chilli Bites, Barbeque Double Melt","Sure! You've ordered 3 Chilli Bites, Barbeque Double Melt."
"Can you get me medium 5 Doritos, Barbeque Double Melt","Sure! You've ordered 5 Doritos, Barbeque Double Melt."
"I want medium 4 Nuggets, large Whopper, small Mayo","Sure! You've ordered 4 Nuggets, Whopper, Mayo."
"Can I get Hot Chilli, large 9 Chilli Bites","Sure! You've ordered Hot Chilli, 9 Chilli Bites."
"I'd like to order Classic Double Melt, medium Fanta","Sure! You've ordered Classic Double Melt, Fanta."
"Could I have medium Sprite Zero, 9 Doritos, small Bacon Double","Sure! You've ordered Sprite Zero, 9 Doritos, Bacon Double."
I'll have Hot Chilli,Sure! You've ordered Hot Chilli.
"Can you get me Fanta, small Barbeque Sauce, Small Fries","Sure! You've ordered Fanta, Barbeque Sauce, Small Fries."
I want medium Chimichuri Loaded Fries,Sure! You've ordered Chimichuri Loaded Fries.
"I want Steakhouse Angus, Chimichuri Loaded Fries","Sure! You've ordered Steakhouse Angus, Chimichuri Loaded Fries."
"I'll have Steakhouse Angus, Mayo","Sure! You've ordered Steakhouse Angus, Mayo."
"I want Sprite Zero, 9 Nuggets","Sure! You've ordered Sprite Zero, 9 Nuggets."
Could I have Small Fries,Sure! You've ordered Small Fries.
"Can I get 20 Doritos, 5 Doritos","Sure! You've ordered 20 Doritos, 5 Doritos."
"Can you get me Ham Burger, medium Cheese Burger","Sure! You've ordered Ham Burger, Cheese Burger."
"Can I get 6 Chilli Bites, large Bacon Double","Sure! You've ordered 6 Chilli Bites, Bacon Double."
"I need Barbeque Sauce, Cocacola Classic","Sure! You've ordered Barbeque Sauce, Cocacola Classic."
Could I have 6 Nuggets,Sure! You've ordered 6 Nuggets.
I need medium 4 Nuggets,Sure! You've ordered 4 Nuggets.
"I'd like to order small Large Fries, small Whopper, 9 Doritos","Sure! You've ordered Large Fries, Whopper, 9 Doritos."
"Can you get me Bacon Double X L, small Classic Double Melt","Sure! You've ordered Bacon Double X L, Classic Double Melt."
"I'll have Chimichuri Loaded Fries, 6 Nuggets, 9 Nuggets","Sure! You've ordered Chimichuri Loaded Fries, 6 Nuggets, 9 Nuggets."
I'll have PB Whopper,Sure! You've ordered PB Whopper.
Please give me medium Ham Burger,Sure! You've ordered Ham Burger.
"I want Bacon Loaded Fries, Chicken Royale, large 20 Chilli Bites","Sure! You've ordered Bacon Loaded Fries, Chicken Royale, 20 Chilli Bites."
I'll have small Vegan Royale,Sure! You've ordered Vegan Royale.
"I want Whopper, Sprite Zero, small 9 Chilli Bites","Sure! You've ordered Whopper, Sprite Zero, 9 Chilli Bites."
Could I have Fanta,Sure! You've ordered Fanta.
"I'll have Whopper, Cheese Loaded Fries","Sure! You've ordered Whopper, Cheese Loaded Fries."
I need Bacon Loaded Fries,Sure! You've ordered Bacon Loaded Fries.
Please give me small 9 Chilli Bites,Sure! You've ordered 9 Chilli Bites.
"I'll have 9 Doritos, Chimichuri Chicken, 4 Nuggets","Sure! You've ordered 9 Doritos, Chimichuri Chicken, 4 Nuggets."
I need Mayo,Sure! You've ordered Mayo.
"I need Chimichuri Chicken, Whopper, medium Vegan Royale","Sure! You've ordered Chimichuri Chicken, Whopper, Vegan Royale."
Could I have small Water,Sure! You've ordered Water.
"I'll have 9 Chilli Bites, large Chimichuri Loaded Fries","Sure! You've ordered 9 Chilli Bites, Chimichuri Loaded Fries."
"Can I get small Bacon Loaded Fries, large 6 Doritos","Sure! You've ordered Bacon Loaded Fries, 6 Doritos."
"I need Bacon Double, Cocacola Zero, Bacon Loaded Fries","Sure! You've ordered Bacon Double, Cocacola Zero, Bacon Loaded Fries."
"Can you get me 3 Chilli Bites, small 20 Chilli Bites","Sure! You've ordered 3 Chilli Bites, 20 Chilli Bites."
"I'd like to order medium 4 Nuggets, Barbeque Sauce","Sure! You've ordered 4 Nuggets, Barbeque Sauce."
"I'll have Large Fries, Cheese Burger, Spicy Mayo","Sure! You've ordered Large Fries, Cheese Burger, Spicy Mayo."
"Could I have Barbeque Sauce, 20 Chilli Bites","Sure! You've ordered Barbeque Sauce, 20 Chilli Bites."
"I want Barbeque Sauce, 20 Nuggets, small Tea","Sure! You've ordered Barbeque Sauce, 20 Nuggets, Tea."
"I'll have large Diet Cocacola, Steakhouse Chicken, small 20 Nuggets","Sure! You've ordered Diet Cocacola, Steakhouse Chicken, 20 Nuggets."
"I need 9 Doritos, Chimichuri Loaded Fries","Sure! You've ordered 9 Doritos, Chimichuri Loaded Fries."
Please give me small Ham Burger,Sure! You've ordered Ham Burger.
"Can you get me Chimichuri Loaded Fries, Fries, small Cocacola Zero","Sure! You've ordered Chimichuri Loaded Fries, Fries, Cocacola Zero."
"I'd like to order Chimichuri Angus, Chimichuri Loaded Fries, 4 Chilli Bites","Sure! You've ordered Chimichuri Angus, Chimichuri Loaded Fries, 4 Chilli Bites."
"Could I have 9 Doritos, small Small Fries","Sure! You've ordered 9 Doritos, Small Fries."
Can I get Bacon Loaded Fries,Sure! You've ordered Bacon Loaded Fries.
Could I have Hot Chilli,Sure! You've ordered Hot Chilli.
Could I have 3 Chilli Bites,Sure! You've ordered 3 Chilli Bites.
"I need Classic Double Melt, medium PB Whopper","Sure! You've ordered Classic Double Melt, PB Whopper."
"Could I have 5 Doritos, Water, 6 Chilli Bites","Sure! You've ordered 5 Doritos, Water, 6 Chilli Bites."
"Can you get me large 6 Nuggets, large Barbeque Double Melt","Sure! You've ordered 6 Nuggets, Barbeque Double Melt."
I want small Barbeque Double Melt,Sure! You've ordered Barbeque Double Melt.
"I need PB Whopper, small 6 Chilli Bites","Sure! You've ordered PB Whopper, 6 Chilli Bites."
"I need Ham Burger, Chimichuri Angus","Sure! You've ordered Ham Burger, Chimichuri Angus."
"Can I get Cocacola Zero, small 5 Doritos, 6 Nuggets","Sure! You've ordered Cocacola Zero, 5 Doritos, 6 Nuggets."
I want Mayo,Sure! You've ordered Mayo.
"I'd like to order Water, 3 Chilli Bites","Sure! You've ordered Water, 3 Chilli Bites."
"Can you get me small Ham Burger, Cocacola Classic","Sure! You've ordered Ham Burger, Cocacola Classic."
"I want Water, Cheese Loaded Fries, Classic Double Melt","Sure! You've ordered Water, Cheese Loaded Fries, Classic Double Melt."
"Can you get me large Barbeque Sauce, Tea, Water","Sure! You've ordered Barbeque Sauce, Tea, Water."
Could I have medium Barbeque Sauce,Sure! You've ordered Barbeque Sauce.
"I'll have Vegan Royale, Hot Chilli","Sure! You've ordered Vegan Royale, Hot Chilli."
"I want large Chicken Royale, Chimichuri Chicken, medium Whopper","Sure! You've ordered Chicken Royale, Chimichuri Chicken, Whopper."
"Can I get Ham Burger, 9 Chilli Bites","Sure! You've ordered Ham Burger, 9 Chilli Bites."
"I'd like to order 9 Chilli Bites, 20 Chilli Bites, large Bacon Stacker","Sure! You've ordered 9 Chilli Bites, 20 Chilli Bites, Bacon Stacker."
"I need 20 Nuggets, Hot Chilli","Sure! You've ordered 20 Nuggets, Hot Chilli."
"Could I have Chimichuri Angus, 6 Doritos, Steakhouse Chicken","Sure! You've ordered Chimichuri Angus, 6 Doritos, Steakhouse Chicken."
Can I get Cheese Loaded Fries,Sure! You've ordered Cheese Loaded Fries.
"Could I have small 9 Chilli Bites, Fanta, Large Fries","Sure! You've ordered 9 Chilli Bites, Fanta, Large Fries."
Can I get Classic Double Melt,Sure! You've ordered Classic Double Melt.
"Can I get medium Bacon Double X L, Cocacola Classic, Vegan Royale","Sure! You've ordered Bacon Double X L, Cocacola Classic, Vegan Royale."
Can I get small Steakhouse Chicken,Sure! You've ordered Steakhouse Chicken.
Please give me small 4 Chilli Bites,Sure! You've ordered 4 Chilli Bites.
Can I get Sprite Zero,Sure! You've ordered Sprite Zero.
I want 9 Chilli Bites,Sure! You've ordered 9 Chilli Bites.
"I need Small Fries, small Cheese Burger","Sure! You've ordered Small Fries, Cheese Burger."
"I need 6 Doritos, Fries","Sure! You've ordered 6 Doritos, Fries."
"Can I get large Steakhouse Angus, Whopper, Ham Burger","Sure! You've ordered Steakhouse Angus, Whopper, Ham Burger."
"Can I get Chimichuri Chicken, small Ham Burger","Sure! You've ordered Chimichuri Chicken, Ham Burger."
Can I get Chicken Royale,Sure! You've ordered Chicken Royale.
"I want large Barbeque Sauce, Bacon Double","Sure! You've ordered Barbeque Sauce, Bacon Double."
"Can you get me Classic Double Melt, Barbeque Sauce, medium Bacon Double","Sure! You've ordered Classic Double Melt, Barbeque Sauce, Bacon Double."
I'll have 9 Nuggets,Sure! You've ordered 9 Nuggets.
"Can you get me large Spicy Mayo, Whopper","Sure! You've ordered Spicy Mayo, Whopper."
"Can I get small 3 Chilli Bites, 6 Doritos","Sure! You've ordered 3 Chilli Bites, 6 Doritos."
I'd like to order 6 Doritos,Sure! You've ordered 6 Doritos.
"I need medium Small Fries, medium Cheese Burger","Sure! You've ordered Small Fries, Cheese Burger."
Please give me Chimichuri Angus,Sure! You've ordered Chimichuri Angus.
"Can you get me Chilli Jam Whopper, large Hot Chilli","Sure! You've ordered Chilli Jam Whopper, Hot Chilli."
"Please give me small Cocacola Zero, large Diet Cocacola","Sure! You've ordered Cocacola Zero, Diet Cocacola."
I need 4 Nuggets,Sure! You've ordered 4 Nuggets.
"Can I get large Spicy Mayo, 5 Doritos, Bacon Stacker","Sure! You've ordered Spicy Mayo, 5 Doritos, Bacon Stacker."
Could I have Bacon Double X L,Sure! You've ordered Bacon Double X L.
"I'll have small Steakhouse Angus, 4 Chilli Bites, 5 Doritos","Sure! You've ordered Steakhouse Angus, 4 Chilli Bites, 5 Doritos."
"I'll have Ham Burger, Cheese Burger, Classic Double Melt","Sure! You've ordered Ham Burger, Cheese Burger, Classic Double Melt."
"I'd like to order Chimichuri Chicken, Classic Double Melt, Vegan Royale","Sure! You've ordered Chimichuri Chicken, Classic Double Melt, Vegan Royale."
"I need large 3 Chilli Bites, medium Vegan Royale","Sure! You've ordered 3 Chilli Bites, Vegan Royale."
"I want small Mayo, large Bacon Double, Fries","Sure! You've ordered Mayo, Bacon Double, Fries."
Can I get 5 Doritos,Sure! You've ordered 5 Doritos.
"Could I have Water, Cocacola Classic, medium PB Whopper","Sure! You've ordered Water, Cocacola Classic, PB Whopper."
"I'll have medium Vegan Royale, medium Classic Double Melt, small 9 Doritos","Sure! You've ordered Vegan Royale, Classic Double Melt, 9 Doritos."
I need Sprite Zero,Sure! You've ordered Sprite Zero.
I'll have medium Cheese Burger,Sure! You've ordered Cheese Burger.
Please give me Cocacola Classic,Sure! You've ordered Cocacola Classic.
"I'd like to order Cheese Loaded Fries, Bacon Loaded Fries, 5 Doritos","Sure! You've ordered Cheese Loaded Fries, Bacon Loaded Fries, 5 Doritos."
"Could I have medium 5 Doritos, Chimichuri Angus","Sure! You've ordered 5 Doritos, Chimichuri Angus."
I need large Small Fries,Sure! You've ordered Small Fries.
"I'll have Water, medium 3 Chilli Bites","Sure! You've ordered Water, 3 Chilli Bites."
I'd like to order Vegan Royale,Sure! You've ordered Vegan Royale.
"Could I have Steakhouse Chicken, large Cheese Burger","Sure! You've ordered Steakhouse Chicken, Cheese Burger."
"I'd like to order Cocacola Classic, Bacon Double","Sure! You've ordered Cocacola Classic, Bacon Double."
"Can you get me Bacon Double, Bacon Stacker","Sure! You've ordered Bacon Double, Bacon Stacker."
I'd like to order medium Spicy Mayo,Sure! You've ordered Spicy Mayo.
"I'll have small Fanta, 9 Doritos","Sure! You've ordered Fanta, 9 Doritos."
"I want Barbeque Double Melt, large Classic Double Melt","Sure! You've ordered Barbeque Double Melt, Classic Double Melt."
I'll have Cheese Burger,Sure! You've ordered Cheese Burger.
"I'll have Bacon Loaded Fries, Fanta","Sure! You've ordered Bacon Loaded Fries, Fanta."
"Can you get me PB Whopper, 6 Chilli Bites","Sure! You've ordered PB Whopper, 6 Chilli Bites."
"I'll have Chilli Jam Halumi, Cheese Loaded Fries","Sure! You've ordered Chilli Jam Halumi, Cheese Loaded Fries."
"Can I get Sprite Zero, small 6 Nuggets","Sure! You've ordered Sprite Zero, 6 Nuggets."
"Please give me large 20 Chilli Bites, Small Fries","Sure! You've ordered 20 Chilli Bites, Small Fries."
"I want 9 Doritos, Bacon Loaded Fries, large Spicy Mayo","Sure! You've ordered 9 Doritos, Bacon Loaded Fries, Spicy Mayo."
"I'll have Bacon Double X L, 4 Chilli Bites","Sure! You've ordered Bacon Double X L, 4 Chilli Bites."
"Please give me large 9 Nuggets, Fries, Bacon Loaded Fries","Sure! You've ordered 9 Nuggets, Fries, Bacon Loaded Fries."
"Please give me Fries, 6 Nuggets, Diet Cocacola","Sure! You've ordered Fries, 6 Nuggets, Diet Cocacola."
"Please give me Classic Double Melt, Diet Cocacola, Ham Burger","Sure! You've ordered Classic Double Melt, Diet Cocacola, Ham Burger."
"Could I have Fries, medium Diet Cocacola","Sure! You've ordered Fries, Diet Cocacola."
"Could I have 6 Doritos, small Chicken Royale","Sure! You've ordered 6 Doritos, Chicken Royale."
"Could I have 20 Chilli Bites, Fanta, PB Whopper","Sure! You've ordered 20 Chilli Bites, Fanta, PB Whopper."
"I need Fanta, medium Steakhouse Chicken, medium Steakhouse Angus","Sure! You've ordered Fanta, Steakhouse Chicken, Steakhouse Angus."
I want Chimichuri Chicken,Sure! You've ordered Chimichuri Chicken.
I'll have Chicken Royale,Sure! You've ordered Chicken Royale.
Please give me Fanta,Sure! You've ordered Fanta.
I want Water,Sure! You've ordered Water.
Can you get me medium 20 Nuggets,Sure! You've ordered 20 Nuggets.
Can you get me Bacon Double,Sure! You've ordered Bacon Double.
"I'll have Steakhouse Angus, Large Fries, large 9 Chilli Bites","Sure! You've ordered Steakhouse Angus, Large Fries, 9 Chilli Bites."
Can I get medium Chimichuri Angus,Sure! You've ordered Chimichuri Angus.
"I need medium Chicken Royale, Classic Double Melt","Sure! You've ordered Chicken Royale, Classic Double Melt."
"Please give me Barbeque Sauce, Large Fries","Sure! You've ordered Barbeque Sauce, Large Fries."
"Please give me Sprite Zero, 4 Chilli Bites","Sure! You've ordered Sprite Zero, 4 Chilli Bites."
"I want Bacon Double X L, Bacon Double","Sure! You've ordered Bacon Double X L, Bacon Double."
"I need medium Bacon Loaded Fries, Cocacola Classic","Sure! You've ordered Bacon Loaded Fries, Cocacola Classic."
I'd like to order large Steakhouse Chicken,Sure! You've ordered Steakhouse Chicken.
Please give me Sprite Zero,Sure! You've ordered Sprite Zero.
Could I have medium Bacon Double X L,Sure! You've ordered Bacon Double X L.
"I want 9 Nuggets, Mayo","Sure! You've ordered 9 Nuggets, Mayo."
"I want 20 Nuggets, Chimichuri Loaded Fries, Bacon Double","Sure! You've ordered 20 Nuggets, Chimichuri Loaded Fries, Bacon Double."
"Can I get medium Chicken Royale, large 9 Doritos","Sure! You've ordered Chicken Royale, 9 Doritos."
"Could I have Cheese Burger, 20 Chilli Bites","Sure! You've ordered Cheese Burger, 20 Chilli Bites."
"I need Cocacola Zero, 20 Chilli Bites","Sure! You've ordered Cocacola Zero, 20 Chilli Bites."
Can you get me Cocacola Zero,Sure! You've ordered Cocacola Zero.
"I want Bacon Loaded Fries, small Large Fries","Sure! You've ordered Bacon Loaded Fries, Large Fries."
"Can I get Classic Double Melt, Bacon Stacker","Sure! You've ordered Classic Double Melt, Bacon Stacker."
I'd like to order Steakhouse Angus,Sure! You've ordered Steakhouse Angus.
Can I get large Barbeque Sauce,Sure! You've ordered Barbeque Sauce.
I'll have Cheese Burger,Sure! You've ordered Cheese Burger.
I need Barbeque Sauce,Sure! You've ordered Barbeque Sauce.
Please give me Small Fries,Sure! You've ordered Small Fries.
"Can you get me Mayo, Spicy Mayo, Diet Cocacola","Sure! You've ordered Mayo, Spicy Mayo, Diet Cocacola."
Please give me Barbeque Sauce,Sure! You've ordered Barbeque Sauce.
I'd like to order Cheese Burger,Sure! You've ordered Cheese Burger.
"I need Classic Double Melt, Chimichuri Loaded Fries","Sure! You've ordered Classic Double Melt, Chimichuri Loaded Fries."
"I'll have Small Fries, Cheese Loaded Fries, Cocacola Zero","Sure! You've ordered Small Fries, Cheese Loaded Fries, Cocacola Zero."
"Can you get me large Chimichuri Chicken, medium 6 Doritos","Sure! You've ordered Chimichuri Chicken, 6 Doritos."
"Can I get 5 Doritos, Water, Chicken Royale","Sure! You've ordered 5 Doritos, Water, Chicken Royale."
I'd like to order 9 Doritos,Sure! You've ordered 9 Doritos.
"I'll have Cheese Burger, 3 Chilli Bites, 20 Chilli Bites","Sure! You've ordered Cheese Burger, 3 Chilli Bites, 20 Chilli Bites."
I'll have Barbeque Sauce,Sure! You've ordered Barbeque Sauce.
"I'll have Tea, Chimichuri Angus","Sure! You've ordered Tea, Chimichuri Angus."
"I want 20 Chilli Bites, Chilli Jam Whopper","Sure! You've ordered 20 Chilli Bites, Chilli Jam Whopper."
Please give me 20 Doritos,Sure! You've ordered 20 Doritos.
"I'll have Chimichuri Chicken, medium Vegan Royale","Sure! You've ordered Chimichuri Chicken, Vegan Royale."
"Could I have 20 Doritos, Ham Burger","Sure! You've ordered 20 Doritos, Ham Burger."
"Can I get large Vegan Royale, Hot Chilli, Water","Sure! You've ordered Vegan Royale, Hot Chilli, Water."
"I'll have 6 Chilli Bites, small 20 Nuggets, Chimichuri Loaded Fries","Sure! You've ordered 6 Chilli Bites, 20 Nuggets, Chimichuri Loaded Fries."
I'd like to order medium Fanta,Sure! You've ordered Fanta.
I'll have Bacon Double,Sure! You've ordered Bacon Double.
"I need small 6 Chilli Bites, 20 Nuggets, Chilli Jam Whopper","Sure! You've ordered 6 Chilli Bites, 20 Nuggets, Chilli Jam Whopper."
"Can you get me medium Spicy Mayo, Bacon Loaded Fries","Sure! You've ordered Spicy Mayo, Bacon Loaded Fries."
"I'll have Barbeque Double Melt, Fanta","Sure! You've ordered Barbeque Double Melt, Fanta."
I'll have Steakhouse Chicken,Sure! You've ordered Steakhouse Chicken.
"I'll have Bacon Double X L, Spicy Mayo, Barbeque Double Melt","Sure! You've ordered Bacon Double X L, Spicy Mayo, Barbeque Double Melt."
"I need large Chicken Royale, large 9 Nuggets","Sure! You've ordered Chicken Royale, 9 Nuggets."
"Please give me Steakhouse Chicken, Cocacola Classic","Sure! You've ordered Steakhouse Chicken, Cocacola Classic."
"Can I get PB Whopper, 6 Chilli Bites","Sure! You've ordered PB Whopper, 6 Chilli Bites."
"I'd like to order large Fries, PB Whopper, small Chimichuri Loaded Fries","Sure! You've ordered Fries, PB Whopper, Chimichuri Loaded Fries."
"Please give me medium Cocacola Zero, Steakhouse Chicken","Sure! You've ordered Cocacola Zero, Steakhouse Chicken."
"I need 20 Nuggets, 6 Nuggets","Sure! You've ordered 20 Nuggets, 6 Nuggets."
"Please give me Tea, 5 Doritos","Sure! You've ordered Tea, 5 Doritos."
"Please give me Water, large Fanta","Sure! You've ordered Water, Fanta."
"Please give me 3 Chilli Bites, 4 Nuggets","Sure! You've ordered 3 Chilli Bites, 4 Nuggets."
Can you get me Classic Double Melt,Sure! You've ordered Classic Double Melt.
"Could I have large 6 Doritos, Small Fries, Chilli Jam Halumi","Sure! You've ordered 6 Doritos, Small Fries, Chilli Jam Halumi."
"I want medium Steakhouse Chicken, large Fries, large PB Whopper","Sure! You've ordered Steakhouse Chicken, Fries, PB Whopper."
Can I get Whopper,Sure! You've ordered Whopper.
I'll have 20 Chilli Bites,Sure! You've ordered 20 Chilli Bites.
Can I get Barbeque Sauce,Sure! You've ordered Barbeque Sauce.
Please give me medium Steakhouse Angus,Sure! You've ordered Steakhouse Angus.
"Can you get me large 20 Chilli Bites, Barbeque Sauce, Cocacola Classic","Sure! You've ordered 20 Chilli Bites, Barbeque Sauce, Cocacola Classic."
"I'd like to order Classic Double Melt, Chilli Jam Halumi, small 9 Chilli Bites","Sure! You've ordered Classic Double Melt, Chilli Jam Halumi, 9 Chilli Bites."
"Can you get me PB Whopper, Small Fries","Sure! You've ordered PB Whopper, Small Fries."
"Can you get me Bacon Loaded Fries, Cocacola Zero","Sure! You've ordered Bacon Loaded Fries, Cocacola Zero."
"I'd like to order medium Diet Cocacola, 20 Chilli Bites","Sure! You've ordered Diet Cocacola, 20 Chilli Bites."
"I'd like to order Sprite Zero, Chilli Jam Whopper, Diet Cocacola","Sure! You've ordered Sprite Zero, Chilli Jam Whopper, Diet Cocacola."
"I need Hot Chilli, Diet Cocacola","Sure! You've ordered Hot Chilli, Diet Cocacola."
"I need Chimichuri Loaded Fries, Steakhouse Chicken, 9 Chilli Bites","Sure! You've ordered Chimichuri Loaded Fries, Steakhouse Chicken, 9 Chilli Bites."
I'd like to order large Whopper,Sure! You've ordered Whopper.
"Can you get me Bacon Double X L, medium Sprite Zero, small Barbeque Sauce","Sure! You've ordered Bacon Double X L, Sprite Zero, Barbeque Sauce."
"I need Small Fries, Large Fries","Sure! You've ordered Small Fries, Large Fries."
Can you get me Small Fries,Sure! You've ordered Small Fries.
"Could I have medium 4 Nuggets, Diet Cocacola, 9 Nuggets","Sure! You've ordered 4 Nuggets, Diet Cocacola, 9 Nuggets."
"Could I have Cheese Loaded Fries, Bacon Double","Sure! You've ordered Cheese Loaded Fries, Bacon Double."
"Can you get me Sprite Zero, 9 Chilli Bites","Sure! You've ordered Sprite Zero, 9 Chilli Bites."
"Can I get medium Cheese Loaded Fries, Bacon Loaded Fries","Sure! You've ordered Cheese Loaded Fries, Bacon Loaded Fries."
"Please give me large 4 Nuggets, 4 Chilli Bites, large 20 Chilli Bites","Sure! You've ordered 4 Nuggets, 4 Chilli Bites, 20 Chilli Bites."
"Can you get me small Bacon Double, Chimichuri Chicken, Fanta","Sure! You've ordered Bacon Double, Chimichuri Chicken, Fanta."
"Can I get 9 Chilli Bites, medium 5 Doritos, Whopper","Sure! You've ordered 9 Chilli Bites, 5 Doritos, Whopper."
Can I get small Diet Cocacola,Sure! You've ordered Diet Cocacola.
"Could I have small Small Fries, 5 Doritos","Sure! You've ordered Small Fries, 5 Doritos."
"I'd like to order large 20 Chilli Bites, Sprite Zero","Sure! You've ordered 20 Chilli Bites, Sprite Zero."
Could I have large Fanta,Sure! You've ordered Fanta.
"Can I get large Cheese Burger, Steakhouse Angus","Sure! You've ordered Cheese Burger, Steakhouse Angus."
"Can you get me Sprite Zero, Large Fries","Sure! You've ordered Sprite Zero, Large Fries."
Can you get me Cheese Burger,Sure! You've ordered Cheese Burger.
"Can you get me Ham Burger, Fries","Sure! You've ordered Ham Burger, Fries."
"I'd like to order large PB Whopper, Chimichuri Chicken","Sure! You've ordered PB Whopper, Chimichuri Chicken."
"I'd like to order Bacon Double, 4 Chilli Bites, large Cheese Burger","Sure! You've ordered Bacon Double, 4 Chilli Bites, Cheese Burger."
"I want small Chimichuri Chicken, small Chilli Jam Whopper, 9 Nuggets","Sure! You've ordered Chimichuri Chicken, Chilli Jam Whopper, 9 Nuggets."
"I need 4 Nuggets, 4 Chilli Bites, Bacon Loaded Fries","Sure! You've ordered 4 Nuggets, 4 Chilli Bites, Bacon Loaded Fries."
"Please give me Cocacola Classic, 4 Chilli Bites, Whopper","Sure! You've ordered Cocacola Classic, 4 Chilli Bites, Whopper."
Can you get me PB Whopper,Sure! You've ordered PB Whopper.
Could I have Water,Sure! You've ordered Water.
"Please give me Hot Chilli, small Chicken Royale","Sure! You've ordered Hot Chilli, Chicken Royale."
Could I have Chimichuri Loaded Fries,Sure! You've ordered Chimichuri Loaded Fries.
"Please give me Chicken Royale, Bacon Double","Sure! You've ordered Chicken Royale, Bacon Double."
"Can I get Bacon Loaded Fries, Steakhouse Chicken","Sure! You've ordered Bacon Loaded Fries, Steakhouse Chicken."
"Could I have Sprite Zero, 9 Chilli Bites, Steakhouse Angus","Sure! You've ordered Sprite Zero, 9 Chilli Bites, Steakhouse Angus."
Please give me Spicy Mayo,Sure! You've ordered Spicy Mayo.
"Please give me small Ham Burger, Chimichuri Loaded Fries","Sure! You've ordered Ham Burger, Chimichuri Loaded Fries."
"Can you get me 20 Doritos, 20 Chilli Bites","Sure! You've ordered 20 Doritos, 20 Chilli Bites."
I'll have Cocacola Classic,Sure! You've ordered Cocacola Classic.
"Can I get Sprite Zero, Spicy Mayo, large 20 Chilli Bites","Sure! You've ordered Sprite Zero, Spicy Mayo, 20 Chilli Bites."
"I'll have large Bacon Loaded Fries, 4 Nuggets","Sure! You've ordered Bacon Loaded Fries, 4 Nuggets."
Can you get me Classic Double Melt,Sure! You've ordered Classic Double Melt.
"Can I get 4 Nuggets, Vegan Royale, medium 6 Nuggets","Sure! You've ordered 4 Nuggets, Vegan Royale, 6 Nuggets."
"Could I have Cheese Burger, medium Chimichuri Chicken, Bacon Stacker","Sure! You've ordered Cheese Burger, Chimichuri Chicken, Bacon Stacker."
"Can I get medium Tea, Bacon Double","Sure! You've ordered Tea, Bacon Double."
"I'll have 20 Nuggets, Chicken Royale, Steakhouse Angus","Sure! You've ordered 20 Nuggets, Chicken Royale, Steakhouse Angus."
I'll have Cocacola Zero,Sure! You've ordered Cocacola Zero.
Can I get 9 Nuggets,Sure! You've ordered 9 Nuggets.
Can I get medium Cocacola Zero,Sure! You've ordered Cocacola Zero.
"I want large PB Whopper, large Water","Sure! You've ordered PB Whopper, Water."
Can I get Cocacola Zero,Sure! You've ordered Cocacola Zero.
"Can you get me 20 Doritos, Water","Sure! You've ordered 20 Doritos, Water."
"Could I have PB Whopper, Small Fries, Vegan Royale","Sure! You've ordered PB Whopper, Small Fries, Vegan Royale."
"Please give me Barbeque Sauce, 9 Nuggets","Sure! You've ordered Barbeque Sauce, 9 Nuggets."
"I'd like to order Small Fries, small Chicken Royale","Sure! You've ordered Small Fries, Chicken Royale."
"Can you get me 20 Chilli Bites, Cocacola Classic","Sure! You've ordered 20 Chilli Bites, Cocacola Classic."
"I'll have Fries, Chimichuri Angus, small Bacon Double","Sure! You've ordered Fries, Chimichuri Angus, Bacon Double."
"I want Chicken Royale, 6 Nuggets, Barbeque Sauce","Sure! You've ordered Chicken Royale, 6 Nuggets, Barbeque Sauce."
"I'd like to order large 4 Chilli Bites, 9 Chilli Bites","Sure! You've ordered 4 Chilli Bites, 9 Chilli Bites."
"Could I have medium Spicy Mayo, Cheese Burger, Diet Cocacola","Sure! You've ordered Spicy Mayo, Cheese Burger, Diet Cocacola."
"I need Chilli Jam Whopper, medium Hot Chilli","Sure! You've ordered Chilli Jam Whopper, Hot Chilli."
"I'd like to order Diet Cocacola, 9 Nuggets","Sure! You've ordered Diet Cocacola, 9 Nuggets."
"I need 9 Chilli Bites, Spicy Mayo","Sure! You've ordered 9 Chilli Bites, Spicy Mayo."
"Can I get medium Cheese Loaded Fries, Cheese Burger","Sure! You've ordered Cheese Loaded Fries, Cheese Burger."
Could I have 6 Doritos,Sure! You've ordered 6 Doritos.
Please give me Chilli Jam Whopper,Sure! You've ordered Chilli Jam Whopper.
I'd like to order Chimichuri Loaded Fries,Sure! You've ordered Chimichuri Loaded Fries.
"Can I get Cheese Loaded Fries, large Cheese Burger","Sure! You've ordered Cheese Loaded Fries, Cheese Burger."
"I need Chimichuri Chicken, Bacon Double X L","Sure! You've ordered Chimichuri Chicken, Bacon Double X L."
"I'd like to order Bacon Double X L, Small Fries, medium Diet Cocacola","Sure! You've ordered Bacon Double X L, Small Fries, Diet Cocacola."
"I'd like to order Small Fries, Cheese Loaded Fries, large Spicy Mayo","Sure! You've ordered Small Fries, Cheese Loaded Fries, Spicy Mayo."
"Can you get me small Chimichuri Loaded Fries, 6 Nuggets, 6 Chilli Bites","Sure! You've ordered Chimichuri Loaded Fries, 6 Nuggets, 6 Chilli Bites."
"Could I have Classic Double Melt, Hot Chilli","Sure! You've ordered Classic Double Melt, Hot Chilli."
Can you get me 9 Nuggets,Sure! You've ordered 9 Nuggets.
"I'd like to order Diet Cocacola, large Spicy Mayo","Sure! You've ordered Diet Cocacola, Spicy Mayo."
"Could I have 20 Chilli Bites, Chimichuri Chicken, 4 Nuggets","Sure! You've ordered 20 Chilli Bites, Chimichuri Chicken, 4 Nuggets."
"Please give me Fries, Fanta, Spicy Mayo","Sure! You've ordered Fries, Fanta, Spicy Mayo."
"Could I have Cocacola Classic, large Large Fries, Cheese Loaded Fries","Sure! You've ordered Cocacola Classic, Large Fries, Cheese Loaded Fries."
"I'd like to order small Tea, medium Cheese Burger","Sure! You've ordered Tea, Cheese Burger."
Can I get 6 Chilli Bites,Sure! You've ordered 6 Chilli Bites.
"Please give me Cocacola Zero, small Chimichuri Angus, Sprite Zero","Sure! You've ordered Cocacola Zero, Chimichuri Angus, Sprite Zero."
"I'll have large PB Whopper, Steakhouse Chicken","Sure! You've ordered PB Whopper, Steakhouse Chicken."
Please give me Cheese Burger,Sure! You've ordered Cheese Burger.
Can I get 6 Chilli Bites,Sure! You've ordered 6 Chilli Bites.
"I'd like to order large 6 Chilli Bites, Hot Chilli","Sure! You've ordered 6 Chilli Bites, Hot Chilli."
"Can you get me 6 Chilli Bites, Bacon Stacker","Sure! You've ordered 6 Chilli Bites, Bacon Stacker."
I want medium Bacon Double,Sure! You've ordered Bacon Double.
"I need large 20 Chilli Bites, medium Tea, 4 Nuggets","Sure! You've ordered 20 Chilli Bites, Tea, 4 Nuggets."
"Can I get Chicken Royale, small 6 Nuggets","Sure! You've ordered Chicken Royale, 6 Nuggets."
"I'd like to order 4 Chilli Bites, 20 Doritos","Sure! You've ordered 4 Chilli Bites, 20 Doritos."
Can I get small Bacon Loaded Fries,Sure! You've ordered Bacon Loaded Fries.
Can I get 9 Chilli Bites,Sure! You've ordered 9 Chilli Bites.
Can I get Cheese Burger,Sure! You've ordered Cheese Burger.
"I'll have Ham Burger, Classic Double Melt","Sure! You've ordered Ham Burger, Classic Double Melt."
"Please give me 6 Doritos, Sprite Zero","Sure! You've ordered 6 Doritos, Sprite Zero."
"Could I have medium 9 Doritos, small Ham Burger, Barbeque Sauce","Sure! You've ordered 9 Doritos, Ham Burger, Barbeque Sauce."
"I want large Fanta, large Bacon Stacker","Sure! You've ordered Fanta, Bacon Stacker."
Could I have large 3 Chilli Bites,Sure! You've ordered 3 Chilli Bites.
"I want Chicken Royale, small Bacon Loaded Fries, Chimichuri Chicken","Sure! You've ordered Chicken Royale, Bacon Loaded Fries, Chimichuri Chicken."
"Can I get large 6 Nuggets, Chimichuri Angus","Sure! You've ordered 6 Nuggets, Chimichuri Angus."
"I'd like to order 20 Chilli Bites, Cocacola Classic","Sure! You've ordered 20 Chilli Bites, Cocacola Classic."
"I'd like to order small 20 Nuggets, 5 Doritos, Large Fries","Sure! You've ordered 20 Nuggets, 5 Doritos, Large Fries."
I'd like to order large 5 Doritos,Sure! You've ordered 5 Doritos.
"I need Chilli Jam Halumi, small Small Fries","Sure! You've ordered Chilli Jam Halumi, Small Fries."
"Can I get PB Whopper, medium 9 Chilli Bites","Sure! You've ordered PB Whopper, 9 Chilli Bites."
"Can I get large Hot Chilli, Chimichuri Angus","Sure! You've ordered Hot Chilli, Chimichuri Angus."
"I want Chicken Royale, small Chimichuri Chicken, Hot Chilli","Sure! You've ordered Chicken Royale, Chimichuri Chicken, Hot Chilli."
"I need Diet Cocacola, 3 Chilli Bites, Chimichuri Angus","Sure! You've ordered Diet Cocacola, 3 Chilli Bites, Chimichuri Angus."
"Can you get me Bacon Loaded Fries, 6 Nuggets","Sure! You've ordered Bacon Loaded Fries, 6 Nuggets."
I'd like to order small Water,Sure! You've ordered Water.
"Please give me Cocacola Classic, Cocacola Zero, Bacon Stacker","Sure! You've ordered Cocacola Classic, Cocacola Zero, Bacon Stacker."
Please give me large Fries,Sure! You've ordered Fries.
"I need 20 Nuggets, Bacon Double X L, large Tea","Sure! You've ordered 20 Nuggets, Bacon Double X L, Tea."
"Could I have Bacon Double X L, Ham Burger, Cheese Loaded Fries","Sure! You've ordered Bacon Double X L, Ham Burger, Cheese Loaded Fries."
I need 6 Nuggets,Sure! You've ordered 6 Nuggets.
I need 5 Doritos,Sure! You've ordered 5 Doritos.
"I'd like to order PB Whopper, Whopper","Sure! You've ordered PB Whopper, Whopper."
"I'd like to order Fanta, medium Diet Cocacola","Sure! You've ordered Fanta, Diet Cocacola."
I need 20 Chilli Bites,Sure! You've ordered 20 Chilli Bites.
"I need large PB Whopper, Steakhouse Chicken, 6 Chilli Bites","Sure! You've ordered PB Whopper, Steakhouse Chicken, 6 Chilli Bites."
"Please give me 3 Chilli Bites, 6 Nuggets","Sure! You've ordered 3 Chilli Bites, 6 Nuggets."
Please give me large Ham Burger,Sure! You've ordered Ham Burger.
Can you get me small Small Fries,Sure! You've ordered Small Fries.
"Please give me 20 Doritos, Fries, large Chilli Jam Halumi","Sure! You've ordered 20 Doritos, Fries, Chilli Jam Halumi."
"I'd like to order Steakhouse Angus, small Chimichuri Loaded Fries","Sure! You've ordered Steakhouse Angus, Chimichuri Loaded Fries."
Could I have 9 Nuggets,Sure! You've ordered 9 Nuggets.
"I want Cocacola Classic, Vegan Royale","Sure! You've ordered Cocacola Classic, Vegan Royale."
"Can you get me 9 Chilli Bites, large Mayo","Sure! You've ordered 9 Chilli Bites, Mayo."
"I'll have Cocacola Zero, Chimichuri Angus, large Bacon Loaded Fries","Sure! You've ordered Cocacola Zero, Chimichuri Angus, Bacon Loaded Fries."
"I'll have Chilli Jam Halumi, small 9 Nuggets, Whopper","Sure! You've ordered Chilli Jam Halumi, 9 Nuggets, Whopper."
"I'd like to order Cheese Burger, Steakhouse Angus, Hot Chilli","Sure! You've ordered Cheese Burger, Steakhouse Angus, Hot Chilli."
"Please give me Steakhouse Angus, large 4 Chilli Bites","Sure! You've ordered Steakhouse Angus, 4 Chilli Bites."
"Can I get 6 Doritos, Chimichuri Angus","Sure! You've ordered 6 Doritos, Chimichuri Angus."
"Could I have 9 Chilli Bites, Barbeque Sauce, Steakhouse Angus","Sure! You've ordered 9 Chilli Bites, Barbeque Sauce, Steakhouse Angus."
"Please give me large 5 Doritos, 6 Doritos","Sure! You've ordered 5 Doritos, 6 Doritos."
I need Large Fries,Sure! You've ordered Large Fries.
"I need Chimichuri Chicken, Whopper","Sure! You've ordered Chimichuri Chicken, Whopper."
"Can you get me medium Whopper, large 6 Chilli Bites","Sure! You've ordered Whopper, 6 Chilli Bites."
"I want medium Sprite Zero, Ham Burger, Bacon Loaded Fries","Sure! You've ordered Sprite Zero, Ham Burger, Bacon Loaded Fries."
Can I get Cocacola Zero,Sure! You've ordered Cocacola Zero.
"Please give me medium Bacon Loaded Fries, PB Whopper","Sure! You've ordered Bacon Loaded Fries, PB Whopper."
"I'd like to order Chilli Jam Whopper, Water, Chicken Royale","Sure! You've ordered Chilli Jam Whopper, Water, Chicken Royale."
I want medium 3 Chilli Bites,Sure! You've ordered 3 Chilli Bites.
"Could I have Steakhouse Chicken, Cocacola Classic","Sure! You've ordered Steakhouse Chicken, Cocacola Classic."
"Can I get small Bacon Double, PB Whopper","Sure! You've ordered Bacon Double, PB Whopper."
Can you get me Chimichuri Loaded Fries,Sure! You've ordered Chimichuri Loaded Fries.
"Could I have Cocacola Zero, Cocacola Classic, Classic Double Melt","Sure! You've ordered Cocacola Zero, Cocacola Classic, Classic Double Melt."
"Can I get Diet Cocacola, 20 Doritos","Sure! You've ordered Diet Cocacola, 20 Doritos."
I'd like to order Chilli Jam Halumi,Sure! You've ordered Chilli Jam Halumi.
"Could I have 20 Nuggets, 5 Doritos","Sure! You've ordered 20 Nuggets, 5 Doritos."
I'll have Fanta,Sure! You've ordered Fanta.
"Could I have large 4 Nuggets, 3 Chilli Bites","Sure! You've ordered 4 Nuggets, 3 Chilli Bites."
"Please give me Chilli Jam Whopper, 9 Doritos, Chilli Jam Halumi","Sure! You've ordered Chilli Jam Whopper, 9 Doritos, Chilli Jam Halumi."
I'd like to order Spicy Mayo,Sure! You've ordered Spicy Mayo.
Can you get me medium 20 Doritos,Sure! You've ordered 20 Doritos.
"I need large Bacon Stacker, Cheese Loaded Fries, Chimichuri Angus","Sure! You've ordered Bacon Stacker, Cheese Loaded Fries, Chimichuri Angus."
I need Bacon Loaded Fries,Sure! You've ordered Bacon Loaded Fries.
"Can you get me 4 Chilli Bites, small Chilli Jam Whopper","Sure! You've ordered 4 Chilli Bites, Chilli Jam Whopper."
"Please give me Whopper, 6 Chilli Bites, 4 Nuggets","Sure! You've ordered Whopper, 6 Chilli Bites, 4 Nuggets."
